ID;GBIF_Maiorano;Species_maiorano;gbif_Grilo;Species_grilo;class;order;family
252;5219362;Genetta genetta;5219362;Genetta genetta;Mammalia;Carnivora;Viverridae
273;5218484;Pipistrellus savii;7261861;Hypsugo savii;Mammalia;Chiroptera;Vespertilionidae
402;0;NA;8181305;Myotis escalerai;Mammalia;Chiroptera;Vespertilionidae
628;0;NA;12228118;Vespertilio murinus;Mammalia;Chiroptera;Vespertilionidae
81;2432582;Barbastella barbastellus;2432582;Barbastella barbastellus;Mammalia;Chiroptera;Vespertilionidae
212;2432346;Eptesicus bottae;2432346;Eptesicus bottae;Mammalia;Chiroptera;Vespertilionidae
213;7261816;Eptesicus nilssonii;7261816;Eptesicus nilssonii;Mammalia;Chiroptera;Vespertilionidae
214;2432359;Eptesicus serotinus;2432359;Eptesicus serotinus;Mammalia;Chiroptera;Vespertilionidae
393;4266346;Myotis alcathoe;4266346;Myotis alcathoe;Mammalia;Chiroptera;Vespertilionidae
394;4409308;Myotis aurascens;4409308;Myotis aurascens;Mammalia;Chiroptera;Vespertilionidae
395;2432427;Myotis bechsteinii;2432427;Myotis bechsteinii;Mammalia;Chiroptera;Vespertilionidae
396;2432414;Myotis blythii;2432414;Myotis blythii;Mammalia;Chiroptera;Vespertilionidae
397;7261875;Myotis brandtii;7261875;Myotis brandtii;Mammalia;Chiroptera;Vespertilionidae
398;2432430;Myotis capaccinii;2432430;Myotis capaccinii;Mammalia;Chiroptera;Vespertilionidae
399;2432452;Myotis dasycneme;2432452;Myotis dasycneme;Mammalia;Chiroptera;Vespertilionidae
400;2432439;Myotis daubentonii;2432439;Myotis daubentonii;Mammalia;Chiroptera;Vespertilionidae
401;2432470;Myotis emarginatus;2432470;Myotis emarginatus;Mammalia;Chiroptera;Vespertilionidae
403;2432416;Myotis myotis;2432416;Myotis myotis;Mammalia;Chiroptera;Vespertilionidae
404;9754263;Myotis mystacinus;9754263;Myotis mystacinus;Mammalia;Chiroptera;Vespertilionidae
405;2432389;Myotis nattereri;2432389;Myotis nattereri;Mammalia;Chiroptera;Vespertilionidae
406;4266337;Myotis punicus;4266337;Myotis punicus;Mammalia;Chiroptera;Vespertilionidae
415;5218525;Nyctalus lasiopterus;5218525;Nyctalus lasiopterus;Mammalia;Chiroptera;Vespertilionidae
416;5218522;Nyctalus leisleri;5218522;Nyctalus leisleri;Mammalia;Chiroptera;Vespertilionidae
417;5218524;Nyctalus noctula;5218524;Nyctalus noctula;Mammalia;Chiroptera;Vespertilionidae
469;5218464;Pipistrellus kuhlii;5218464;Pipistrellus kuhlii;Mammalia;Chiroptera;Vespertilionidae
470;5218471;Pipistrellus nathusii;5218471;Pipistrellus nathusii;Mammalia;Chiroptera;Vespertilionidae
471;5218465;Pipistrellus pipistrellus;5218465;Pipistrellus pipistrellus;Mammalia;Chiroptera;Vespertilionidae
472;5707150;Pipistrellus pygmaeus;5707150;Pipistrellus pygmaeus;Mammalia;Chiroptera;Vespertilionidae
474;5218507;Plecotus auritus;5218507;Plecotus auritus;Mammalia;Chiroptera;Vespertilionidae
475;5739437;Plecotus austriacus;5739437;Plecotus austriacus;Mammalia;Chiroptera;Vespertilionidae
476;5739445;Plecotus kolombatovici;5739445;Plecotus kolombatovici;Mammalia;Chiroptera;Vespertilionidae
477;5787719;Plecotus macrobullaris;5787719;Plecotus macrobullaris;Mammalia;Chiroptera;Vespertilionidae
478;5739436;Plecotus sardus;5739436;Plecotus sardus;Mammalia;Chiroptera;Vespertilionidae
622;2433433;Ursus arctos;2433433;Ursus arctos;Mammalia;Carnivora;Ursidae
623;2433451;Ursus maritimus;2433451;Ursus maritimus;Mammalia;Carnivora;Ursidae
621;2498415;Upupa epops;2498415;Upupa epops;Aves;Bucerotiformes;Upupidae
620;2497921;Tyto alba;2497921;Tyto alba;Aves;Strigiformes;Tytonidae
614;2490781;Turdus iliacus;2490781;Turdus iliacus;Aves;Passeriformes;Turdidae
615;2490719;Turdus merula;2490719;Turdus merula;Aves;Passeriformes;Turdidae
616;7901064;Turdus philomelos;7901064;Turdus philomelos;Aves;Passeriformes;Turdidae
617;2490737;Turdus pilaris;2490737;Turdus pilaris;Aves;Passeriformes;Turdidae
618;7865305;Turdus torquatus;7865305;Turdus torquatus;Aves;Passeriformes;Turdidae
619;2490774;Turdus viscivorus;2490774;Turdus viscivorus;Aves;Passeriformes;Turdidae
613;5231438;Troglodytes troglodytes;5231438;Troglodytes troglodytes;Aves;Passeriformes;Troglodytidae
606;2484918;Tichodroma muraria;2484918;Tichodroma muraria;Aves;Passeriformes;Tichodromidae
473;2480801;Platalea leucorodia;2480801;Platalea leucorodia;Aves;Pelecaniformes;Threskiornithidae
480;2480773;Plegadis falcinellus;2480773;Plegadis falcinellus;Aves;Pelecaniformes;Threskiornithidae
185;2436117;Desmana moschata;2436117;Desmana moschata;Mammalia;Soricomorpha;Talpidae
243;5219516;Galemys pyrenaicus;5219516;Galemys pyrenaicus;Mammalia;Soricomorpha;Talpidae
595;8347063;Talpa caeca;8347063;Talpa caeca;Mammalia;Soricomorpha;Talpidae
596;7872906;Talpa europaea;7872906;Talpa europaea;Mammalia;Soricomorpha;Talpidae
597;2436131;Talpa levantis;2436131;Talpa levantis;Mammalia;Soricomorpha;Talpidae
598;2436152;Talpa occidentalis;2436152;Talpa occidentalis;Mammalia;Soricomorpha;Talpidae
599;2436140;Talpa romana;2436140;Talpa romana;Mammalia;Soricomorpha;Talpidae
600;2436128;Talpa stankovici;2436128;Talpa stankovici;Mammalia;Soricomorpha;Talpidae
581;0;NA;7342065;Sylvia crassirostris;Aves;Passeriformes;Sylviidae
576;2492956;Sylvia atricapilla;2492956;Sylvia atricapilla;Aves;Passeriformes;Sylviidae
577;2492942;Sylvia borin;2492942;Sylvia borin;Aves;Passeriformes;Sylviidae
578;2492950;Sylvia cantillans;2492950;Sylvia cantillans;Aves;Passeriformes;Sylviidae
579;2492943;Sylvia communis;2492943;Sylvia communis;Aves;Passeriformes;Sylviidae
580;2492959;Sylvia conspicillata;2492959;Sylvia conspicillata;Aves;Passeriformes;Sylviidae
582;2492960;Sylvia curruca;2492960;Sylvia curruca;Aves;Passeriformes;Sylviidae
583;2492944;Sylvia hortensis;2492944;Sylvia hortensis;Aves;Passeriformes;Sylviidae
584;2492962;Sylvia melanocephala;2492962;Sylvia melanocephala;Aves;Passeriformes;Sylviidae
585;2492954;Sylvia mystacea;2492954;Sylvia mystacea;Aves;Passeriformes;Sylviidae
586;2492955;Sylvia nisoria;2492955;Sylvia nisoria;Aves;Passeriformes;Sylviidae
587;2492947;Sylvia rueppelli;6100917;Sylvia ruppeli;Aves;Passeriformes;Sylviidae
588;2492965;Sylvia sarda;2492965;Sylvia sarda;Aves;Passeriformes;Sylviidae
589;8381984;Sylvia subalpina;8381984;Sylvia subalpina;Aves;Passeriformes;Sylviidae
590;2492949;Sylvia undata;2492949;Sylvia undata;Aves;Passeriformes;Sylviidae
575;7705930;Sus scrofa;7705930;Sus scrofa;Mammalia;Artiodactyla;Suidae
6;0;NA;2489010;Acridotheres cristatellus;Aves;Passeriformes;Sturnidae
438;2489102;Sturnus roseus;5845386;Pastor roseus;Aves;Passeriformes;Sturnidae
570;2489104;Sturnus unicolor;2489104;Sturnus unicolor;Aves;Passeriformes;Sturnidae
571;9809229;Sturnus vulgaris;9809229;Sturnus vulgaris;Aves;Passeriformes;Sturnidae
17;5739298;Aegolius funereus;5739298;Aegolius funereus;Aves;Strigiformes;Strigidae
73;2497295;Asio flammeus;2497295;Asio flammeus;Aves;Strigiformes;Strigidae
74;2497306;Asio otus;2497306;Asio otus;Aves;Strigiformes;Strigidae
76;2497266;Athene noctua;2497266;Athene noctua;Aves;Strigiformes;Strigidae
90;5959092;Bubo bubo;5959092;Bubo bubo;Aves;Strigiformes;Strigidae
91;2497581;Nyctea scandiaca;5959143;Bubo scandiacus;Aves;Strigiformes;Strigidae
255;5232162;Glaucidium passerinum;5232162;Glaucidium passerinum;Aves;Strigiformes;Strigidae
428;2497701;Otus scops;2497701;Otus scops;Aves;Strigiformes;Strigidae
567;9282206;Strix aluco;9282206;Strix aluco;Aves;Strigiformes;Strigidae
568;2497522;Strix nebulosa;2497522;Strix nebulosa;Aves;Strigiformes;Strigidae
569;2497509;Strix uralensis;2497509;Strix uralensis;Aves;Strigiformes;Strigidae
574;2497894;Surnia ulula;2497894;Surnia ulula;Aves;Strigiformes;Strigidae
559;2481613;Stercorarius longicaudus;2481613;Stercorarius longicaudus;Aves;Charadriiformes;Stercorariidae
560;2481621;Stercorarius parasiticus;2481621;Stercorarius parasiticus;Aves;Charadriiformes;Stercorariidae
561;2481609;Stercorarius pomarinus;2481609;Stercorarius pomarinus;Aves;Charadriiformes;Stercorariidae
407;4264696;Spalax leucodon;2438247;Nannospalax leucodon;Mammalia;Rodentia;Spalacidae
545;2438884;Spalax arenarius;2438884;Spalax arenarius;Mammalia;Rodentia;Spalacidae
546;2438882;Spalax giganteus;2438882;Spalax giganteus;Mammalia;Rodentia;Spalacidae
547;2438885;Spalax graecus;2438885;Spalax graecus;Mammalia;Rodentia;Spalacidae
548;2438883;Spalax microphthalmus;2438883;Spalax microphthalmus;Mammalia;Rodentia;Spalacidae
549;2438881;Spalax zemni;2438881;Spalax zemni;Mammalia;Rodentia;Spalacidae
165;2435723;Crocidura leucodon;2435723;Crocidura leucodon;Mammalia;Soricomorpha;Soricidae
166;5787823;Crocidura pachyura;5787823;Crocidura pachyura;Mammalia;Soricomorpha;Soricidae
167;2435654;Crocidura russula;2435654;Crocidura russula;Mammalia;Soricomorpha;Soricidae
168;2435553;Crocidura sicula;2435553;Crocidura sicula;Mammalia;Soricomorpha;Soricidae
169;2435687;Crocidura suaveolens;2435687;Crocidura suaveolens;Mammalia;Soricomorpha;Soricidae
170;2435665;Crocidura zimmermanni;2435665;Crocidura zimmermanni;Mammalia;Soricomorpha;Soricidae
188;2435917;Diplomesodon pulchellum;2435917;Diplomesodon pulchellum;Mammalia;Soricomorpha;Soricidae
408;7825895;Neomys anomalus;7825895;Neomys anomalus;Mammalia;Soricomorpha;Soricidae
409;2435767;Neomys fodiens;2435767;Neomys fodiens;Mammalia;Soricomorpha;Soricidae
534;2435986;Sorex alpinus;2435986;Sorex alpinus;Mammalia;Soricomorpha;Soricidae
535;2435998;Sorex antinorii;2435998;Sorex antinorii;Mammalia;Soricomorpha;Soricidae
536;8316400;Sorex araneus;8316400;Sorex araneus;Mammalia;Soricomorpha;Soricidae
537;2435994;Sorex caecutiens;2435994;Sorex caecutiens;Mammalia;Soricomorpha;Soricidae
538;2436090;Sorex coronatus;2436090;Sorex coronatus;Mammalia;Soricomorpha;Soricidae
539;2436071;Sorex granarius;2436071;Sorex granarius;Mammalia;Soricomorpha;Soricidae
540;2436016;Sorex isodon;2436016;Sorex isodon;Mammalia;Soricomorpha;Soricidae
541;2435959;Sorex minutissimus;2435959;Sorex minutissimus;Mammalia;Soricomorpha;Soricidae
542;7571319;Sorex minutus;7571319;Sorex minutus;Mammalia;Soricomorpha;Soricidae
543;2436103;Sorex samniticus;2436103;Sorex samniticus;Mammalia;Soricomorpha;Soricidae
544;2435975;Sorex tundrensis;2435975;Sorex tundrensis;Mammalia;Soricomorpha;Soricidae
573;2435506;Suncus etruscus;2435506;Suncus etruscus;Mammalia;Soricomorpha;Soricidae
528;2484916;Sitta europaea;2484916;Sitta europaea;Aves;Passeriformes;Sittidae
529;2484880;Sitta krueperi;2484880;Sitta krueperi;Aves;Passeriformes;Sittidae
530;2484890;Sitta neumayer;2484890;Sitta neumayer;Aves;Passeriformes;Sittidae
531;2484886;Sitta whiteheadi;2484886;Sitta whiteheadi;Aves;Passeriformes;Sittidae
105;0;NA;2481741;Calidris ferruginea;Aves;Charadriiformes;Scolopacidae
15;2481800;Actitis hypoleucos;2481800;Actitis hypoleucos;Aves;Charadriiformes;Scolopacidae
69;2481776;Arenaria interpres;2481776;Arenaria interpres;Aves;Charadriiformes;Scolopacidae
101;2481748;Calidris alba;2481748;Calidris alba;Aves;Charadriiformes;Scolopacidae
102;2481759;Calidris alpina;2481759;Calidris alpina;Aves;Charadriiformes;Scolopacidae
103;2481765;Calidris canutus;2481765;Calidris canutus;Aves;Charadriiformes;Scolopacidae
104;2481780;Limicola falcinellus;7537888;Calidris falcinellus;Aves;Charadriiformes;Scolopacidae
106;2481743;Calidris maritima;2481743;Calidris maritima;Aves;Charadriiformes;Scolopacidae
107;2481749;Calidris minuta;2481749;Calidris minuta;Aves;Charadriiformes;Scolopacidae
108;5229387;Philomachus pugnax;8250742;Calidris pugnax;Aves;Charadriiformes;Scolopacidae
109;2481740;Calidris temminckii;2481740;Calidris temminckii;Aves;Charadriiformes;Scolopacidae
246;2481819;Gallinago gallinago;2481819;Gallinago gallinago;Aves;Charadriiformes;Scolopacidae
247;2481831;Gallinago media;2481831;Gallinago media;Aves;Charadriiformes;Scolopacidae
248;2481828;Gallinago stenura;2481828;Gallinago stenura;Aves;Charadriiformes;Scolopacidae
299;2481681;Limosa lapponica;2481681;Limosa lapponica;Aves;Charadriiformes;Scolopacidae
300;2481685;Limosa limosa;2481685;Limosa limosa;Aves;Charadriiformes;Scolopacidae
316;2481835;Lymnocryptes minimus;2481835;Lymnocryptes minimus;Aves;Charadriiformes;Scolopacidae
413;2481792;Numenius arquata;2481792;Numenius arquata;Aves;Charadriiformes;Scolopacidae
414;2481784;Numenius phaeopus;2481784;Numenius phaeopus;Aves;Charadriiformes;Scolopacidae
446;5229390;Phalaropus fulicarius;5229390;Phalaropus fulicarius;Aves;Charadriiformes;Scolopacidae
447;5739290;Phalaropus lobatus;5739290;Phalaropus lobatus;Aves;Charadriiformes;Scolopacidae
521;2481700;Scolopax rusticola;2481700;Scolopax rusticola;Aves;Charadriiformes;Scolopacidae
607;2481725;Tringa erythropus;2481725;Tringa erythropus;Aves;Charadriiformes;Scolopacidae
608;2481713;Tringa glareola;2481713;Tringa glareola;Aves;Charadriiformes;Scolopacidae
609;2481726;Tringa nebularia;2481726;Tringa nebularia;Aves;Charadriiformes;Scolopacidae
610;2481728;Tringa ochropus;2481728;Tringa ochropus;Aves;Charadriiformes;Scolopacidae
611;2481719;Tringa stagnatilis;2481719;Tringa stagnatilis;Aves;Charadriiformes;Scolopacidae
612;2481714;Tringa totanus;2481714;Tringa totanus;Aves;Charadriiformes;Scolopacidae
633;2481703;Xenus cinereus;2481703;Xenus cinereus;Aves;Charadriiformes;Scolopacidae
221;2437450;Tamias sibiricus;10602587;Eutamias sibiricus;Mammalia;Rodentia;Sciuridae
324;2437375;Marmota bobak;2437375;Marmota bobak;Mammalia;Rodentia;Sciuridae
325;2437377;Marmota marmota;2437377;Marmota marmota;Mammalia;Rodentia;Sciuridae
494;2437258;Pteromys volans;2437258;Pteromys volans;Mammalia;Rodentia;Sciuridae
519;8243249;Sciurus anomalus;8243249;Sciurus anomalus;Mammalia;Rodentia;Sciuridae
520;8211070;Sciurus vulgaris;8211070;Sciurus vulgaris;Mammalia;Rodentia;Sciuridae
552;2437304;Spermophilus citellus;2437304;Spermophilus citellus;Mammalia;Rodentia;Sciuridae
553;2437306;Spermophilus fulvus;2437306;Spermophilus fulvus;Mammalia;Rodentia;Sciuridae
554;2437320;Spermophilus major;2437320;Spermophilus major;Mammalia;Rodentia;Sciuridae
555;2437322;Spermophilus pygmaeus;2437322;Spermophilus pygmaeus;Mammalia;Rodentia;Sciuridae
556;2437323;Spermophilus suslicus;2437323;Spermophilus suslicus;Mammalia;Rodentia;Sciuridae
507;2432666;Rhinolophus blasii;2432666;Rhinolophus blasii;Mammalia;Chiroptera;Rhinolophidae
508;2432621;Rhinolophus euryale;2432621;Rhinolophus euryale;Mammalia;Chiroptera;Rhinolophidae
509;2432655;Rhinolophus ferrumequinum;2432655;Rhinolophus ferrumequinum;Mammalia;Chiroptera;Rhinolophidae
510;2432614;Rhinolophus hipposideros;2432614;Rhinolophus hipposideros;Mammalia;Chiroptera;Rhinolophidae
511;2432667;Rhinolophus mehelyi;2432667;Rhinolophus mehelyi;Mammalia;Chiroptera;Rhinolophidae
506;2487385;Remiz pendulinus;2487385;Remiz pendulinus;Aves;Passeriformes;Remizidae
504;6093527;Regulus ignicapillus;6093527;Regulus ignicapilla;Aves;Passeriformes;Regulidae
505;2484596;Regulus regulus;2484596;Regulus regulus;Aves;Passeriformes;Regulidae
265;5229126;Himantopus himantopus;5229126;Himantopus himantopus;Aves;Charadriiformes;Recurvirostridae
503;2480259;Recurvirostra avosetta;2480259;Recurvirostra avosetta;Aves;Charadriiformes;Recurvirostridae
634;2474627;Porzana parva;9272513;Zapornia parva;Aves;Gruiformes;Rallidae
635;2474628;Porzana pusilla;9299354;Zapornia pusilla;Aves;Gruiformes;Rallidae
162;4408498;Crex crex;4408498;Crex crex;Aves;Gruiformes;Rallidae
241;2474377;Fulica atra;2474377;Fulica atra;Aves;Gruiformes;Rallidae
242;2474381;Fulica cristata;2474381;Fulica cristata;Aves;Gruiformes;Rallidae
249;5228199;Gallinula chloropus;5228199;Gallinula chloropus;Aves;Gruiformes;Rallidae
488;2474416;Porphyrio porphyrio;2474416;Porphyrio porphyrio;Aves;Gruiformes;Rallidae
489;2474621;Porzana porzana;2474621;Porzana porzana;Aves;Gruiformes;Rallidae
499;2474831;Rallus aquaticus;2474831;Rallus aquaticus;Aves;Gruiformes;Rallidae
513;2432953;Rousettus aegyptiacus;2432953;Rousettus aegyptiacus;Mammalia;Chiroptera;Pteropodidae
490;5231766;Prunella atrogularis;5231766;Prunella atrogularis;Aves;Passeriformes;Prunellidae
491;5231770;Prunella collaris;5231770;Prunella collaris;Aves;Passeriformes;Prunellidae
492;5231763;Prunella modularis;5231763;Prunella modularis;Aves;Passeriformes;Prunellidae
493;5231759;Prunella montanella;5231759;Prunella montanella;Aves;Passeriformes;Prunellidae
190;2477950;Dendrocopos minor;9015784;Dryobates minor;Aves;Piciformes;Picidae
290;2478026;Dendrocopos medius;10362259;Leiopicus medius;Aves;Piciformes;Picidae
466;2478523;Picus viridis;9029556;Picus sharpei;Aves;Piciformes;Picidae
467;2478523;Picus viridis;2478523;Picus viridis;Aves;Piciformes;Picidae
182;2477927;Dendrocopos leucotos;2477927;Dendrocopos leucotos;Aves;Piciformes;Picidae
183;2477968;Dendrocopos major;2477968;Dendrocopos major;Aves;Piciformes;Picidae
184;2478031;Dendrocopos syriacus;2478031;Dendrocopos syriacus;Aves;Piciformes;Picidae
191;2477872;Dryocopus martius;2477872;Dryocopus martius;Aves;Piciformes;Picidae
280;8012314;Jynx torquilla;8012314;Jynx torquilla;Aves;Piciformes;Picidae
464;2477804;Picoides tridactylus;2477804;Picoides tridactylus;Aves;Piciformes;Picidae
465;2478548;Picus canus;2478548;Picus canus;Aves;Piciformes;Picidae
460;0;NA;7947730;Phylloscopus tristis;Aves;Passeriformes;Phylloscopidae
452;2493070;Phylloscopus bonelli;2493070;Phylloscopus bonelli;Aves;Passeriformes;Phylloscopidae
453;2493071;Phylloscopus borealis;2493071;Phylloscopus borealis;Aves;Passeriformes;Phylloscopidae
454;2493091;Phylloscopus collybita;2493091;Phylloscopus collybita;Aves;Passeriformes;Phylloscopidae
455;7341585;Phylloscopus ibericus;7341585;Phylloscopus ibericus;Aves;Passeriformes;Phylloscopidae
456;2493095;Phylloscopus inornatus;2493095;Phylloscopus inornatus;Aves;Passeriformes;Phylloscopidae
457;4408827;Phylloscopus orientalis;4408827;Phylloscopus orientalis;Aves;Passeriformes;Phylloscopidae
458;8128385;Phylloscopus sibilatrix;8128385;Phylloscopus sibilatrix;Aves;Passeriformes;Phylloscopidae
459;7341578;Phylloscopus sindianus;7341578;Phylloscopus sindianus;Aves;Passeriformes;Phylloscopidae
461;2493084;Phylloscopus trochiloides;2493084;Phylloscopus trochiloides;Aves;Passeriformes;Phylloscopidae
462;2493052;Phylloscopus trochilus;2493052;Phylloscopus trochilus;Aves;Passeriformes;Phylloscopidae
319;2473681;Tetrao mlokosiewiczi;2473680;Lyrurus mlokosiewiczi;Aves;Galliformes;Phasianidae
320;8379871;Tetrao tetrix;2473682;Lyrurus tetrix;Aves;Galliformes;Phasianidae
24;2474045;Alectoris barbara;2474045;Alectoris barbara;Aves;Galliformes;Phasianidae
25;2474029;Alectoris chukar;2474029;Alectoris chukar;Aves;Galliformes;Phasianidae
26;2474055;Alectoris graeca;2474055;Alectoris graeca;Aves;Galliformes;Phasianidae
27;2474051;Alectoris rufa;2474051;Alectoris rufa;Aves;Galliformes;Phasianidae
84;2473671;Bonasa bonasia;2473671;Bonasa bonasia;Aves;Galliformes;Phasianidae
161;2474156;Coturnix coturnix;2474156;Coturnix coturnix;Aves;Galliformes;Phasianidae
238;5227919;Francolinus francolinus;5227919;Francolinus francolinus;Aves;Galliformes;Phasianidae
281;2473421;Lagopus lagopus;2473421;Lagopus lagopus;Aves;Galliformes;Phasianidae
282;5227679;Lagopus muta;5227679;Lagopus muta;Aves;Galliformes;Phasianidae
441;2473958;Perdix perdix;2473958;Perdix perdix;Aves;Galliformes;Phasianidae
448;9752149;Phasianus colchicus;9752149;Phasianus colchicus;Aves;Galliformes;Phasianidae
602;2473577;Tetrao urogallus;2473577;Tetrao urogallus;Aves;Galliformes;Phasianidae
603;2473442;Tetraogallus caspius;2473442;Tetraogallus caspius;Aves;Galliformes;Phasianidae
604;2473446;Tetraogallus caucasicus;2473446;Tetraogallus caucasicus;Aves;Galliformes;Phasianidae
439;2480353;Pelecanus crispus;2480353;Pelecanus crispus;Aves;Pelecaniformes;Pelecanidae
440;2480350;Pelecanus onocrotalus;2480350;Pelecanus onocrotalus;Aves;Pelecaniformes;Pelecanidae
371;2492371;Montifringilla nivalis;2492371;Montifringilla nivalis;Aves;Passeriformes;Passeridae
434;5231190;Passer domesticus;5231190;Passer domesticus;Aves;Passeriformes;Passeridae
435;5231209;Passer hispaniolensis;5231209;Passer hispaniolensis;Aves;Passeriformes;Passeridae
436;8426551;Passer italiae;8426551;Passer italiae;Aves;Passeriformes;Passeridae
437;5231198;Passer montanus;5231198;Passer montanus;Aves;Passeriformes;Passeridae
445;2492350;Petronia petronia;2492350;Petronia petronia;Aves;Passeriformes;Passeridae
174;8191482;Parus caeruleus;2487879;Cyanistes caeruleus;Aves;Passeriformes;Paridae
175;4409002;Parus cyanus;2487877;Cyanistes cyanus;Aves;Passeriformes;Paridae
307;8203973;Parus cristatus;2487883;Lophophanes cristatus;Aves;Passeriformes;Paridae
442;7820681;Parus ater;2487871;Periparus ater;Aves;Passeriformes;Paridae
483;2487861;Parus cinctus;2487862;Poecile cinctus;Aves;Passeriformes;Paridae
484;4409009;Parus lugubris;2487857;Poecile lugubris;Aves;Passeriformes;Paridae
485;4409010;Parus montanus;2487866;Poecile montanus;Aves;Passeriformes;Paridae
486;8126684;Parus palustris;2487843;Poecile palustris;Aves;Passeriformes;Paridae
433;9705453;Parus major;9705453;Parus major;Aves;Passeriformes;Paridae
432;2493367;Panurus biarmicus;2493367;Panurus biarmicus;Aves;Passeriformes;Panuridae
431;2480726;Pandion haliaetus;2480726;Pandion haliaetus;Aves;Accipitriformes;Pandionidae
427;2474921;Otis tarda;2474921;Otis tarda;Aves;Otidiformes;Otididae
605;5228228;Tetrax tetrax;5228228;Tetrax tetrax;Aves;Otidiformes;Otididae
425;2488949;Oriolus oriolus;2488949;Oriolus oriolus;Aves;Passeriformes;Oriolidae
258;5219073;Gulo gulo;5219073;Gulo gulo;Mammalia;Carnivora;Mustelidae
315;2433753;Lutra lutra;2433753;Lutra lutra;Mammalia;Carnivora;Mustelidae
326;5218887;Martes foina;5218887;Martes foina;Mammalia;Carnivora;Mustelidae
327;5218878;Martes martes;5218878;Martes martes;Mammalia;Carnivora;Mustelidae
328;5218826;Martes zibellina;5218826;Martes zibellina;Mammalia;Carnivora;Mustelidae
333;2433875;Meles meles;2433875;Meles meles;Mammalia;Carnivora;Mustelidae
382;5219019;Mustela erminea;5219019;Mustela erminea;Mammalia;Carnivora;Mustelidae
383;5219057;Mustela eversmanii;5219057;Mustela eversmanii;Mammalia;Carnivora;Mustelidae
384;5219007;Mustela lutreola;5219007;Mustela lutreola;Mammalia;Carnivora;Mustelidae
385;5218987;Mustela nivalis;5218987;Mustela nivalis;Mammalia;Carnivora;Mustelidae
386;5218911;Mustela putorius;5218911;Mustela putorius;Mammalia;Carnivora;Mustelidae
387;5218972;Mustela sibirica;5218972;Mustela sibirica;Mammalia;Carnivora;Mustelidae
629;2433709;Vormela peregusna;2433709;Vormela peregusna;Mammalia;Carnivora;Mustelidae
110;2492537;Luscinia calliope;6090081;Calliope calliope;Aves;Passeriformes;Muscicapidae
173;4408732;Luscinia svecica;10498943;Cyanecula svecica;Aves;Passeriformes;Muscicapidae
449;0;NA;7340976;Phoenicurus erythrogastrus;Aves;Passeriformes;Muscicapidae
126;2492478;Cercotrichas galactotes;2492478;Cercotrichas galactotes;Aves;Passeriformes;Muscicapidae
219;2492462;Erithacus rubecula;2492462;Erithacus rubecula;Aves;Passeriformes;Muscicapidae
234;2492601;Ficedula albicollis;2492601;Ficedula albicollis;Aves;Passeriformes;Muscicapidae
235;2492606;Ficedula hypoleuca;2492606;Ficedula hypoleuca;Aves;Passeriformes;Muscicapidae
236;2492605;Ficedula parva;2492605;Ficedula parva;Aves;Passeriformes;Muscicapidae
237;2492608;Ficedula semitorquata;2492608;Ficedula semitorquata;Aves;Passeriformes;Muscicapidae
278;2492700;Irania gutturalis;2492700;Irania gutturalis;Aves;Passeriformes;Muscicapidae
313;2492542;Luscinia luscinia;2492542;Luscinia luscinia;Aves;Passeriformes;Muscicapidae
314;7660710;Luscinia megarhynchos;7660710;Luscinia megarhynchos;Aves;Passeriformes;Muscicapidae
369;2490956;Monticola saxatilis;2490956;Monticola saxatilis;Aves;Passeriformes;Muscicapidae
370;2490955;Monticola solitarius;2490955;Monticola solitarius;Aves;Passeriformes;Muscicapidae
381;2492576;Muscicapa striata;2492576;Muscicapa striata;Aves;Passeriformes;Muscicapidae
419;5231251;Oenanthe finschii;5231251;Oenanthe finschii;Aves;Passeriformes;Muscicapidae
420;5231235;Oenanthe hispanica;5231235;Oenanthe hispanica;Aves;Passeriformes;Muscicapidae
421;5231245;Oenanthe isabellina;5231245;Oenanthe isabellina;Aves;Passeriformes;Muscicapidae
422;5231236;Oenanthe leucura;5231236;Oenanthe leucura;Aves;Passeriformes;Muscicapidae
423;5231240;Oenanthe oenanthe;5231240;Oenanthe oenanthe;Aves;Passeriformes;Muscicapidae
424;5231233;Oenanthe pleschanka;5231233;Oenanthe pleschanka;Aves;Passeriformes;Muscicapidae
450;5739315;Phoenicurus ochruros;5739315;Phoenicurus ochruros;Aves;Passeriformes;Muscicapidae
451;5739317;Phoenicurus phoenicurus;5739317;Phoenicurus phoenicurus;Aves;Passeriformes;Muscicapidae
517;2492521;Saxicola rubetra;2492521;Saxicola rubetra;Aves;Passeriformes;Muscicapidae
518;2492526;Saxicola torquata;2492526;Saxicola torquatus;Aves;Passeriformes;Muscicapidae
601;2492509;Tarsiger cyanurus;2492509;Tarsiger cyanurus;Aves;Passeriformes;Muscicapidae
501;0;NA;2439261;Rattus norvegicus;Mammalia;Rodentia;Muridae
502;0;NA;2439270;Rattus rattus;Mammalia;Rodentia;Muridae
5;2438264;Acomys minous;2438264;Acomys minous;Mammalia;Rodentia;Muridae
48;2437761;Apodemus agrarius;2437761;Apodemus agrarius;Mammalia;Rodentia;Muridae
49;2437769;Apodemus alpicola;2437769;Apodemus alpicola;Mammalia;Rodentia;Muridae
50;4264851;Apodemus epimelas;4264851;Apodemus epimelas;Mammalia;Rodentia;Muridae
51;2437756;Apodemus flavicollis;2437756;Apodemus flavicollis;Mammalia;Rodentia;Muridae
52;2437773;Apodemus mystacinus;2437773;Apodemus mystacinus;Mammalia;Rodentia;Muridae
53;2437760;Apodemus sylvaticus;2437760;Apodemus sylvaticus;Mammalia;Rodentia;Muridae
54;2437775;Apodemus uralensis;2437775;Apodemus uralensis;Mammalia;Rodentia;Muridae
55;5706747;Apodemus witherbyi;5706747;Apodemus witherbyi;Mammalia;Rodentia;Muridae
337;5219713;Meriones meridianus;5219713;Meriones meridianus;Mammalia;Rodentia;Muridae
338;5219727;Meriones tamariscinus;5219727;Meriones tamariscinus;Mammalia;Rodentia;Muridae
339;5219715;Meriones tristrami;5219715;Meriones tristrami;Mammalia;Rodentia;Muridae
344;5219833;Micromys minutus;5219833;Micromys minutus;Mammalia;Rodentia;Muridae
376;2438783;Mus macedonicus;2438783;Mus macedonicus;Mammalia;Rodentia;Muridae
377;7429082;Mus musculus;7429082;Mus musculus;Mammalia;Rodentia;Muridae
378;2438805;Mus spicilegus;2438805;Mus spicilegus;Mammalia;Rodentia;Muridae
379;2438793;Mus spretus;2438793;Mus spretus;Mammalia;Rodentia;Muridae
42;0;NA;2490281;Anthus gustavi;Aves;Passeriformes;Motacillidae
40;2490274;Anthus campestris;2490274;Anthus campestris;Aves;Passeriformes;Motacillidae
41;2490283;Anthus cervinus;2490283;Anthus cervinus;Aves;Passeriformes;Motacillidae
43;2490244;Anthus hodgsoni;2490244;Anthus hodgsoni;Aves;Passeriformes;Motacillidae
44;2490275;Anthus petrosus;2490275;Anthus petrosus;Aves;Passeriformes;Motacillidae
45;2490266;Anthus pratensis;2490266;Anthus pratensis;Aves;Passeriformes;Motacillidae
46;2490255;Anthus spinoletta;2490255;Anthus spinoletta;Aves;Passeriformes;Motacillidae
47;2490246;Anthus trivialis;2490246;Anthus trivialis;Aves;Passeriformes;Motacillidae
372;9687165;Motacilla alba;9687165;Motacilla alba;Aves;Passeriformes;Motacillidae
373;2490310;Motacilla cinerea;2490310;Motacilla cinerea;Aves;Passeriformes;Motacillidae
374;2490307;Motacilla citreola;2490307;Motacilla citreola;Aves;Passeriformes;Motacillidae
375;9701857;Motacilla flava;9701857;Motacilla flava;Aves;Passeriformes;Motacillidae
592;2433009;Tadarida teniotis;2433009;Tadarida teniotis;Mammalia;Chiroptera;Molossidae
368;9796816;Miniopterus schreibersii;9796816;Miniopterus schreibersii;Mammalia;Chiroptera;Miniopteridae
340;2475443;Merops apiaster;2475443;Merops apiaster;Aves;Coraciiformes;Meropidae
341;2475440;Merops superciliosus;2475419;Merops persicus;Aves;Coraciiformes;Meropidae
303;2493549;Locustella fluviatilis;2493549;Locustella fluviatilis;Aves;Passeriformes;Locustellidae
304;2493550;Locustella lanceolata;2493550;Locustella lanceolata;Aves;Passeriformes;Locustellidae
305;2493551;Locustella luscinioides;2493551;Locustella luscinioides;Aves;Passeriformes;Locustellidae
306;2493548;Locustella naevia;2493548;Locustella naevia;Aves;Passeriformes;Locustellidae
293;2436736;Lepus capensis;2436736;Lepus capensis;Mammalia;Lagomorpha;Leporidae
294;2436788;Lepus castroviejoi;2436788;Lepus castroviejoi;Mammalia;Lagomorpha;Leporidae
295;2436789;Lepus corsicanus;2436789;Lepus corsicanus;Mammalia;Lagomorpha;Leporidae
296;7952072;Lepus europaeus;7952072;Lepus europaeus;Mammalia;Lagomorpha;Leporidae
297;2436790;Lepus granatensis;2436790;Lepus granatensis;Mammalia;Lagomorpha;Leporidae
298;2436756;Lepus timidus;2436756;Lepus timidus;Mammalia;Lagomorpha;Leporidae
426;2436940;Oryctolagus cuniculus;2436940;Oryctolagus cuniculus;Mammalia;Lagomorpha;Leporidae
271;2481143;Larus minutus;6065841;Hydrocoloeus minutus;Aves;Charadriiformes;Laridae
272;5229221;Sterna caspia;2481236;Hydroprogne caspia;Aves;Charadriiformes;Laridae
564;5229215;Sterna albifrons;5789279;Sternula albifrons;Aves;Charadriiformes;Laridae
137;2481121;Chlidonias hybrida;2481121;Chlidonias hybrida;Aves;Charadriiformes;Laridae
138;2481120;Chlidonias leucopterus;2481120;Chlidonias leucopterus;Aves;Charadriiformes;Laridae
139;2481119;Chlidonias niger;2481119;Chlidonias niger;Aves;Charadriiformes;Laridae
251;2481263;Gelochelidon nilotica;2481263;Gelochelidon nilotica;Aves;Charadriiformes;Laridae
430;2481202;Pagophila eburnea;2481202;Pagophila eburnea;Aves;Charadriiformes;Laridae
562;9367409;Sterna hirundo;9367409;Sterna hirundo;Aves;Charadriiformes;Laridae
563;5229230;Sterna paradisaea;5229230;Sterna paradisaea;Aves;Charadriiformes;Laridae
284;7745240;Lanius collurio;7745240;Lanius collurio;Aves;Passeriformes;Laniidae
285;9444556;Lanius excubitor;9444556;Lanius excubitor;Aves;Passeriformes;Laniidae
286;7341500;Lanius meridionalis;7341500;Lanius meridionalis;Aves;Passeriformes;Laniidae
287;2492854;Lanius minor;2492854;Lanius minor;Aves;Passeriformes;Laniidae
288;2492855;Lanius nubicus;2492855;Lanius nubicus;Aves;Passeriformes;Laniidae
289;2492867;Lanius senator;2492867;Lanius senator;Aves;Passeriformes;Laniidae
274;5219888;Hystrix cristata;5219888;Hystrix cristata;Mammalia;Rodentia;Hystricidae
125;5230782;Hirundo daurica;9717283;Cecropis daurica;Aves;Passeriformes;Hirundinidae
181;2489214;Delichon urbicum;2489214;Delichon urbicum;Aves;Passeriformes;Hirundinidae
270;9515886;Hirundo rustica;9515886;Hirundo rustica;Aves;Passeriformes;Hirundinidae
512;2489160;Riparia riparia;2489160;Riparia riparia;Aves;Passeriformes;Hirundinidae
263;2434255;Herpestes ichneumon;2434255;Herpestes ichneumon;Mammalia;Carnivora;Herpestidae
39;2474936;Anthropoides virgo;2474936;Anthropoides virgo;Aves;Gruiformes;Gruidae
257;2474950;Grus grus;2474950;Grus grus;Aves;Gruiformes;Gruidae
192;2439688;Dryomys nitedula;2439688;Dryomys nitedula;Mammalia;Rodentia;Gliridae
195;2439683;Eliomys quercinus;2439683;Eliomys quercinus;Mammalia;Rodentia;Gliridae
256;5706486;Glis glis;5706486;Glis glis;Mammalia;Rodentia;Gliridae
380;2439658;Muscardinus avellanarius;2439658;Muscardinus avellanarius;Mammalia;Rodentia;Gliridae
391;2439663;Myomimus roachi;2439663;Myomimus roachi;Mammalia;Rodentia;Gliridae
253;2480758;Glareola nordmanni;2480758;Glareola nordmanni;Aves;Charadriiformes;Glareolidae
254;2480757;Glareola pratincola;2480757;Glareola pratincola;Aves;Charadriiformes;Glareolidae
1;2494622;Carduelis flammea;5231630;Acanthis flammea;Aves;Passeriformes;Fringillidae
140;2494642;Carduelis chloris;11212714;Chloris chloris;Aves;Passeriformes;Fringillidae
301;2494708;Carduelis cannabina;8104397;Linaria cannabina;Aves;Passeriformes;Fringillidae
302;2494752;Carduelis flavirostris;7668711;Linaria flavirostris;Aves;Passeriformes;Fringillidae
558;2494701;Carduelis spinus;6092830;Spinus spinus;Aves;Passeriformes;Fringillidae
93;2494394;Bucanetes githagineus;2494394;Bucanetes githagineus;Aves;Passeriformes;Fringillidae
119;2494686;Carduelis carduelis;2494686;Carduelis carduelis;Aves;Passeriformes;Fringillidae
120;5231634;Serinus citrinella;2494632;Carduelis citrinella;Aves;Passeriformes;Fringillidae
121;5231574;Serinus corsicana;4408961;Carduelis corsicana;Aves;Passeriformes;Fringillidae
122;2494459;Carpodacus erythrinus;2494459;Carpodacus erythrinus;Aves;Passeriformes;Fringillidae
123;2494517;Carpodacus rubicilla;2494517;Carpodacus rubicilla;Aves;Passeriformes;Fringillidae
152;2494329;Coccothraustes coccothraustes;2494329;Coccothraustes coccothraustes;Aves;Passeriformes;Fringillidae
239;2494422;Fringilla coelebs;2494422;Fringilla coelebs;Aves;Passeriformes;Fringillidae
240;2494441;Fringilla montifringilla;2494441;Fringilla montifringilla;Aves;Passeriformes;Fringillidae
308;9629160;Loxia curvirostra;9629160;Loxia curvirostra;Aves;Passeriformes;Fringillidae
309;8144830;Loxia leucoptera;8144830;Loxia leucoptera;Aves;Passeriformes;Fringillidae
310;2494154;Loxia pytyopsittacus;2494154;Loxia pytyopsittacus;Aves;Passeriformes;Fringillidae
311;2494177;Loxia scotica;2494177;Loxia scotica;Aves;Passeriformes;Fringillidae
468;2494771;Pinicola enucleator;2494771;Pinicola enucleator;Aves;Passeriformes;Fringillidae
498;2494543;Pyrrhula pyrrhula;2494543;Pyrrhula pyrrhula;Aves;Passeriformes;Fringillidae
522;2494194;Serinus pusillus;2494194;Serinus pusillus;Aves;Passeriformes;Fringillidae
523;2494200;Serinus serinus;2494200;Serinus serinus;Aves;Passeriformes;Fringillidae
232;2435066;Felis chaus;2435066;Felis chaus;Mammalia;Carnivora;Felidae
233;7964291;Felis silvestris;7964291;Felis silvestris;Mammalia;Carnivora;Felidae
317;2435240;Lynx lynx;2435240;Lynx lynx;Mammalia;Carnivora;Felidae
318;2435261;Lynx pardinus;2435261;Lynx pardinus;Mammalia;Carnivora;Felidae
222;8014966;Falco biarmicus;8014966;Falco biarmicus;Aves;Falconiformes;Falconidae
223;2481034;Falco cherrug;2481034;Falco cherrug;Aves;Falconiformes;Falconidae
224;9813242;Falco columbarius;9813242;Falco columbarius;Aves;Falconiformes;Falconidae
225;2481037;Falco eleonorae;2481037;Falco eleonorae;Aves;Falconiformes;Falconidae
226;9584698;Falco naumanni;9584698;Falco naumanni;Aves;Falconiformes;Falconidae
227;2481047;Falco peregrinus;2481047;Falco peregrinus;Aves;Falconiformes;Falconidae
228;8069880;Falco rusticolus;8069880;Falco rusticolus;Aves;Falconiformes;Falconidae
229;2481035;Falco subbuteo;2481035;Falco subbuteo;Aves;Falconiformes;Falconidae
230;9616058;Falco tinnunculus;9616058;Falco tinnunculus;Aves;Falconiformes;Falconidae
231;2481062;Falco vespertinus;2481062;Falco vespertinus;Aves;Falconiformes;Falconidae
75;2437136;Atelerix algirus;2437136;Atelerix algirus;Mammalia;Erinaceomorpha;Erinaceidae
216;5219624;Erinaceus concolor;5219624;Erinaceus concolor;Mammalia;Erinaceomorpha;Erinaceidae
217;5219616;Erinaceus europaeus;5219616;Erinaceus europaeus;Mammalia;Erinaceomorpha;Erinaceidae
218;5219618;Erinaceus roumanicus;5219618;Erinaceus roumanicus;Mammalia;Erinaceomorpha;Erinaceidae
262;2437125;Hemiechinus auritus;2437125;Hemiechinus auritus;Mammalia;Erinaceomorpha;Erinaceidae
197;2491518;Emberiza aureola;2491518;Emberiza aureola;Aves;Passeriformes;Emberizidae
198;2491521;Emberiza bruniceps;2491521;Emberiza bruniceps;Aves;Passeriformes;Emberizidae
199;2491490;Emberiza caesia;2491490;Emberiza caesia;Aves;Passeriformes;Emberizidae
200;2491506;Miliaria calandra;7634625;Emberiza calandra;Aves;Passeriformes;Emberizidae
201;2491498;Emberiza cia;2491498;Emberiza cia;Aves;Passeriformes;Emberizidae
202;2491469;Emberiza cineracea;2491469;Emberiza cineracea;Aves;Passeriformes;Emberizidae
203;7626513;Emberiza cirlus;7626513;Emberiza cirlus;Aves;Passeriformes;Emberizidae
204;2491534;Emberiza citrinella;2491534;Emberiza citrinella;Aves;Passeriformes;Emberizidae
205;2491482;Emberiza hortulana;2491482;Emberiza hortulana;Aves;Passeriformes;Emberizidae
206;2491472;Emberiza leucocephalos;2491472;Emberiza leucocephalos;Aves;Passeriformes;Emberizidae
207;9613112;Emberiza melanocephala;9613112;Emberiza melanocephala;Aves;Passeriformes;Emberizidae
208;2491591;Emberiza pallasi;2491591;Emberiza pallasi;Aves;Passeriformes;Emberizidae
209;2491544;Emberiza pusilla;2491544;Emberiza pusilla;Aves;Passeriformes;Emberizidae
210;2491582;Emberiza rustica;2491582;Emberiza rustica;Aves;Passeriformes;Emberizidae
211;2491557;Emberiza schoeniclus;2491557;Emberiza schoeniclus;Aves;Passeriformes;Emberizidae
28;2439489;Allactaga elater;2439489;Allactaga elater;Mammalia;Rodentia;Dipodidae
29;2439483;Allactaga major;2439483;Allactaga major;Mammalia;Rodentia;Dipodidae
189;2439463;Dipus sagitta;2439463;Dipus sagitta;Mammalia;Rodentia;Dipodidae
495;2439433;Pygeretmus pumilio;2439433;Pygeretmus pumilio;Mammalia;Rodentia;Dipodidae
524;2439449;Sicista betulina;2439449;Sicista betulina;Mammalia;Rodentia;Dipodidae
525;2439442;Sicista severtzovi;2439442;Sicista severtzovi;Mammalia;Rodentia;Dipodidae
526;2439448;Sicista strandi;2439448;Sicista strandi;Mammalia;Rodentia;Dipodidae
527;2439439;Sicista subtilis;2439439;Sicista subtilis;Mammalia;Rodentia;Dipodidae
572;2439453;Stylodipus telum;2439453;Stylodipus telum;Mammalia;Rodentia;Dipodidae
148;2496464;Clamator glandarius;2496464;Clamator glandarius;Aves;Cuculiformes;Cuculidae
171;5231918;Cuculus canorus;5231918;Cuculus canorus;Aves;Cuculiformes;Cuculidae
172;9548093;Cuculus saturatus;9548093;Cuculus saturatus;Aves;Cuculiformes;Cuculidae
30;2439190;Allocricetulus eversmanni;2439190;Allocricetulus eversmanni;Mammalia;Rodentia;Cricetidae
70;4265185;Arvicola amphibius;4265185;Arvicola amphibius;Mammalia;Rodentia;Cricetidae
71;2438492;Arvicola sapidus;2438492;Arvicola sapidus;Mammalia;Rodentia;Cricetidae
72;4265186;Arvicola scherman;4265186;Arvicola scherman;Mammalia;Rodentia;Cricetidae
136;2438162;Chionomys nivalis;2438162;Chionomys nivalis;Mammalia;Rodentia;Cricetidae
163;2438772;Cricetulus migratorius;2438772;Cricetulus migratorius;Mammalia;Rodentia;Cricetidae
164;2438704;Cricetus cricetus;2438704;Cricetus cricetus;Mammalia;Rodentia;Cricetidae
186;2438384;Dicrostonyx torquatus;2438384;Dicrostonyx torquatus;Mammalia;Rodentia;Cricetidae
187;2438502;Dinaromys bogdanovi;2438502;Dinaromys bogdanovi;Mammalia;Rodentia;Cricetidae
196;2438760;Ellobius talpinus;2438760;Ellobius talpinus;Mammalia;Rodentia;Cricetidae
283;2439131;Lagurus lagurus;2439131;Lagurus lagurus;Mammalia;Rodentia;Cricetidae
291;5219840;Lemmus lemmus;5219840;Lemmus lemmus;Mammalia;Rodentia;Cricetidae
292;5219835;Lemmus sibiricus;5219835;Lemmus sibiricus;Mammalia;Rodentia;Cricetidae
342;2438483;Mesocricetus newtoni;2438483;Mesocricetus newtoni;Mammalia;Rodentia;Cricetidae
343;2438481;Mesocricetus raddei;2438481;Mesocricetus raddei;Mammalia;Rodentia;Cricetidae
345;2438616;Microtus agrestis;2438616;Microtus agrestis;Mammalia;Rodentia;Cricetidae
346;2438606;Microtus arvalis;2438606;Microtus arvalis;Mammalia;Rodentia;Cricetidae
347;2438594;Microtus bavaricus;2438594;Microtus bavaricus;Mammalia;Rodentia;Cricetidae
348;4265022;Microtus brachycercus;4265022;Microtus brachycercus;Mammalia;Rodentia;Cricetidae
349;2438668;Microtus cabrerae;2438668;Microtus cabrerae;Mammalia;Rodentia;Cricetidae
350;2438619;Microtus duodecimcostatus;2438619;Microtus duodecimcostatus;Mammalia;Rodentia;Cricetidae
351;2438597;Microtus felteni;2438597;Microtus felteni;Mammalia;Rodentia;Cricetidae
352;2438662;Microtus gerbei;2438662;Microtus gerbei;Mammalia;Rodentia;Cricetidae
353;2438648;Microtus gregalis;2438648;Microtus gregalis;Mammalia;Rodentia;Cricetidae
354;2438628;Microtus guentheri;2438628;Microtus guentheri;Mammalia;Rodentia;Cricetidae
355;4265013;Microtus levis;4265013;Microtus levis;Mammalia;Rodentia;Cricetidae
356;4265021;Microtus liechtesteini;4265021;Microtus liechtensteini;Mammalia;Rodentia;Cricetidae
357;2438669;Microtus lusitanicus;2438669;Microtus lusitanicus;Mammalia;Rodentia;Cricetidae
358;2438620;Microtus middendorffii;2438620;Microtus middendorffii;Mammalia;Rodentia;Cricetidae
359;2438647;Microtus multiplex;2438647;Microtus multiplex;Mammalia;Rodentia;Cricetidae
360;2438635;Microtus oeconomus;2438635;Microtus oeconomus;Mammalia;Rodentia;Cricetidae
361;2438650;Microtus savii;2438650;Microtus savii;Mammalia;Rodentia;Cricetidae
362;2438670;Microtus socialis;2438670;Microtus socialis;Mammalia;Rodentia;Cricetidae
363;2438660;Microtus subterraneus;2438660;Microtus subterraneus;Mammalia;Rodentia;Cricetidae
364;2438637;Microtus tatricus;2438637;Microtus tatricus;Mammalia;Rodentia;Cricetidae
365;2438625;Microtus thomasi;2438625;Microtus thomasi;Mammalia;Rodentia;Cricetidae
388;5706764;Myodes glareolus;5706764;Myodes glareolus;Mammalia;Rodentia;Cricetidae
389;5706769;Myodes rufocanus;5706769;Myodes rufocanus;Mammalia;Rodentia;Cricetidae
390;5706762;Myodes rutilus;5706762;Myodes rutilus;Mammalia;Rodentia;Cricetidae
392;2439358;Myopus schisticolor;2439358;Myopus schisticolor;Mammalia;Rodentia;Cricetidae
176;7341881;Cyanopica cyanus;5844936;Cyanopica cooki;Aves;Passeriformes;Corvidae
157;2482492;Corvus corax;2482492;Corvus corax;Aves;Passeriformes;Corvidae
158;9409796;Corvus corone;9409796;Corvus corone;Aves;Passeriformes;Corvidae
159;2482513;Corvus frugilegus;2482513;Corvus frugilegus;Aves;Passeriformes;Corvidae
160;2482473;Corvus monedula;2482473;Corvus monedula;Aves;Passeriformes;Corvidae
250;5229493;Garrulus glandarius;5229493;Garrulus glandarius;Aves;Passeriformes;Corvidae
412;2482613;Nucifraga caryocatactes;2482613;Nucifraga caryocatactes;Aves;Passeriformes;Corvidae
443;2482449;Perisoreus infaustus;2482449;Perisoreus infaustus;Aves;Passeriformes;Corvidae
463;5229490;Pica pica;5229490;Pica pica;Aves;Passeriformes;Corvidae
496;2482553;Pyrrhocorax graculus;2482553;Pyrrhocorax graculus;Aves;Passeriformes;Corvidae
497;2482552;Pyrrhocorax pyrrhocorax;2482552;Pyrrhocorax pyrrhocorax;Aves;Passeriformes;Corvidae
156;2475365;Coracias garrulus;2475365;Coracias garrulus;Aves;Coraciiformes;Coraciidae
557;2495659;Streptopelia senegalensis;6101223;Spilopelia senegalensis;Aves;Columbiformes;Columbidae
153;2495414;Columba livia;2495414;Columba livia;Aves;Columbiformes;Columbidae
154;2495471;Columba oenas;2495471;Columba oenas;Aves;Columbiformes;Columbidae
155;2495455;Columba palumbus;2495455;Columba palumbus;Aves;Columbiformes;Columbidae
565;2495696;Streptopelia decaocto;2495696;Streptopelia decaocto;Aves;Columbiformes;Columbidae
566;2495708;Streptopelia turtur;2495708;Streptopelia turtur;Aves;Columbiformes;Columbidae
147;2492822;Cisticola juncidis;2492822;Cisticola juncidis;Aves;Passeriformes;Cisticolidae
141;2495093;Cinclus cinclus;2495093;Cinclus cinclus;Aves;Passeriformes;Cinclidae
220;2480281;Charadrius morinellus;2480282;Eudromias morinellus;Aves;Charadriiformes;Charadriidae
131;2480311;Charadrius alexandrinus;2480311;Charadrius alexandrinus;Aves;Charadriiformes;Charadriidae
132;7937336;Charadrius dubius;7937336;Charadrius dubius;Aves;Charadriiformes;Charadriidae
133;9566659;Charadrius hiaticula;9566659;Charadrius hiaticula;Aves;Charadriiformes;Charadriidae
134;2480297;Charadrius leschenaultii;2480297;Charadrius leschenaultii;Aves;Charadriiformes;Charadriidae
481;2480332;Pluvialis apricaria;2480332;Pluvialis apricaria;Aves;Charadriiformes;Charadriidae
482;2480327;Pluvialis squatarola;2480327;Pluvialis squatarola;Aves;Charadriiformes;Charadriidae
624;5229138;Vanellus gregarius;5229138;Vanellus gregarius;Aves;Charadriiformes;Charadriidae
625;6486615;Chettusia leucura;5229147;Vanellus leucurus;Aves;Charadriiformes;Charadriidae
626;11380022;Hoplopterus spinosus;5229142;Vanellus spinosus;Aves;Charadriiformes;Charadriidae
627;2480242;Vanellus vanellus;2480242;Vanellus vanellus;Aves;Charadriiformes;Charadriidae
130;2493012;Cettia cetti;2493012;Cettia cetti;Aves;Passeriformes;Cettiidae
23;2440940;Alces alces;2440940;Alces alces;Mammalia;Artiodactyla;Cervidae
115;5220126;Capreolus capreolus;5220126;Capreolus capreolus;Mammalia;Artiodactyla;Cervidae
116;5220127;Capreolus pygargus;5220127;Capreolus pygargus;Mammalia;Artiodactyla;Cervidae
129;2440958;Cervus elaphus;2440958;Cervus elaphus;Mammalia;Artiodactyla;Cervidae
180;5220136;Dama dama;5220136;Dama dama;Mammalia;Artiodactyla;Cervidae
500;5220114;Rangifer tarandus;5220114;Rangifer tarandus;Mammalia;Artiodactyla;Cervidae
127;7806848;Certhia brachydactyla;7806848;Certhia brachydactyla;Aves;Passeriformes;Certhiidae
128;2487603;Certhia familiaris;2487603;Certhia familiaris;Aves;Passeriformes;Certhiidae
124;4409131;Castor fiber;4409131;Castor fiber;Mammalia;Rodentia;Castoridae
117;8109681;Caprimulgus europaeus;8109681;Caprimulgus europaeus;Aves;Caprimulgiformes;Caprimulgidae
118;9411857;Caprimulgus ruficollis;9411857;Caprimulgus ruficollis;Aves;Caprimulgiformes;Caprimulgidae
111;5219219;Canis aureus;5219219;Canis aureus;Mammalia;Carnivora;Canidae
112;5219173;Canis lupus;5219173;Canis lupus;Mammalia;Carnivora;Canidae
630;5219293;Vulpes corsac;5219293;Vulpes corsac;Mammalia;Carnivora;Canidae
631;2434532;Alopex lagopus;5219303;Vulpes lagopus;Mammalia;Carnivora;Canidae
632;5219243;Vulpes vulpes;5219243;Vulpes vulpes;Mammalia;Carnivora;Canidae
100;2491678;Calcarius lapponicus;2491678;Calcarius lapponicus;Aves;Passeriformes;Calcariidae
479;2491719;Plectrophenax nivalis;2491719;Plectrophenax nivalis;Aves;Passeriformes;Calcariidae
95;2482100;Burhinus oedicnemus;2482100;Burhinus oedicnemus;Aves;Charadriiformes;Burhinidae
82;2441184;Bison bonasus;2441184;Bison bonasus;Mammalia;Artiodactyla;Bovidae
113;2441055;Capra ibex;2441055;Capra ibex;Mammalia;Artiodactyla;Bovidae
114;2441054;Capra pyrenaica;2441054;Capra pyrenaica;Mammalia;Artiodactyla;Bovidae
514;5220171;Rupicapra pyrenaica;5220171;Rupicapra pyrenaica;Mammalia;Artiodactyla;Bovidae
515;5220170;Rupicapra rupicapra;5220170;Rupicapra rupicapra;Mammalia;Artiodactyla;Bovidae
516;2441067;Saiga tatarica;2441067;Saiga tatarica;Mammalia;Artiodactyla;Bovidae
83;2484605;Bombycilla garrulus;2484605;Bombycilla garrulus;Aves;Passeriformes;Bombycillidae
65;2480946;Egretta alba;9752617;Ardea alba;Aves;Pelecaniformes;Ardeidae
66;9797180;Ardea cinerea;9797180;Ardea cinerea;Aves;Pelecaniformes;Ardeidae
67;2480934;Ardea purpurea;2480934;Ardea purpurea;Aves;Pelecaniformes;Ardeidae
68;2480906;Ardeola ralloides;2480906;Ardeola ralloides;Aves;Pelecaniformes;Ardeidae
85;2480910;Botaurus stellaris;2480910;Botaurus stellaris;Aves;Pelecaniformes;Ardeidae
92;2480830;Bubulcus ibis;2480830;Bubulcus ibis;Aves;Pelecaniformes;Ardeidae
193;2480876;Egretta garzetta;2480876;Egretta garzetta;Aves;Pelecaniformes;Ardeidae
279;2480850;Ixobrychus minutus;2480850;Ixobrychus minutus;Aves;Pelecaniformes;Ardeidae
418;2480863;Nycticorax nycticorax;2480863;Nycticorax nycticorax;Aves;Pelecaniformes;Ardeidae
591;5228684;Apus melba;2477411;Tachymarptis melba;Aves;Apodiformes;Apodidae
56;5228662;Apus affinis;5228662;Apus affinis;Aves;Apodiformes;Apodidae
57;5228676;Apus apus;5228676;Apus apus;Aves;Apodiformes;Apodidae
58;5228644;Apus caffer;5228644;Apus caffer;Aves;Apodiformes;Apodidae
59;5228695;Apus pallidus;5228695;Apus pallidus;Aves;Apodiformes;Apodidae
89;0;NA;5232451;Branta ruficollis;Aves;Anseriformes;Anatidae
321;2498111;Anas penelope;8000602;Mareca penelope;Aves;Anseriformes;Anatidae
322;2498151;Anas strepera;9362027;Mareca strepera;Aves;Anseriformes;Anatidae
550;2498089;Anas clypeata;8332393;Spatula clypeata;Aves;Anseriformes;Anatidae
551;2498083;Anas querquedula;9274012;Spatula querquedula;Aves;Anseriformes;Anatidae
31;2498112;Anas acuta;2498112;Anas acuta;Aves;Anseriformes;Anatidae
32;8214667;Anas crecca;8214667;Anas crecca;Aves;Anseriformes;Anatidae
33;9761484;Anas platyrhynchos;9761484;Anas platyrhynchos;Aves;Anseriformes;Anatidae
34;2498017;Anser albifrons;2498017;Anser albifrons;Aves;Anseriformes;Anatidae
35;2498036;Anser anser;2498036;Anser anser;Aves;Anseriformes;Anatidae
36;2498024;Anser brachyrhynchus;2498024;Anser brachyrhynchus;Aves;Anseriformes;Anatidae
37;2498026;Anser erythropus;2498026;Anser erythropus;Aves;Anseriformes;Anatidae
38;2498027;Anser fabalis;2498027;Anser fabalis;Aves;Anseriformes;Anatidae
77;2498255;Aythya ferina;2498255;Aythya ferina;Aves;Anseriformes;Anatidae
78;2498261;Aythya fuligula;2498261;Aythya fuligula;Aves;Anseriformes;Anatidae
79;2498265;Aythya marila;2498265;Aythya marila;Aves;Anseriformes;Anatidae
80;2498259;Aythya nyroca;2498259;Aythya nyroca;Aves;Anseriformes;Anatidae
86;5232446;Branta bernicla;5232446;Branta bernicla;Aves;Anseriformes;Anatidae
87;0;NA;5232437;Branta canadensis;Aves;Anseriformes;Anatidae
88;5232464;Branta leucopsis;5232464;Branta leucopsis;Aves;Anseriformes;Anatidae
94;2498326;Bucephala clangula;2498326;Bucephala clangula;Aves;Anseriformes;Anatidae
151;2498273;Clangula hyemalis;2498273;Clangula hyemalis;Aves;Anseriformes;Anatidae
177;2498338;Cygnus columbianus;2498338;Cygnus columbianus;Aves;Anseriformes;Anatidae
178;2498347;Cygnus cygnus;2498347;Cygnus cygnus;Aves;Anseriformes;Anatidae
179;2498343;Cygnus olor;2498343;Cygnus olor;Aves;Anseriformes;Anatidae
323;2498390;Marmaronetta angustirostris;2498390;Marmaronetta angustirostris;Aves;Anseriformes;Anatidae
329;2498238;Melanitta fusca;2498238;Melanitta fusca;Aves;Anseriformes;Anatidae
330;2498247;Melanitta nigra;2498247;Melanitta nigra;Aves;Anseriformes;Anatidae
334;2498285;Mergellus albellus;2498285;Mergellus albellus;Aves;Anseriformes;Anatidae
335;9537647;Mergus merganser;9537647;Mergus merganser;Aves;Anseriformes;Anatidae
336;2498375;Mergus serrator;2498375;Mergus serrator;Aves;Anseriformes;Anatidae
411;2498180;Netta rufina;2498180;Netta rufina;Aves;Anseriformes;Anatidae
429;2498302;Oxyura leucocephala;2498302;Oxyura leucocephala;Aves;Anseriformes;Anatidae
487;5232431;Polysticta stelleri;5232431;Polysticta stelleri;Aves;Anseriformes;Anatidae
532;2498352;Somateria mollissima;2498352;Somateria mollissima;Aves;Anseriformes;Anatidae
533;2498350;Somateria spectabilis;2498350;Somateria spectabilis;Aves;Anseriformes;Anatidae
593;2498015;Tadorna ferruginea;2498015;Tadorna ferruginea;Aves;Anseriformes;Anatidae
594;2498009;Tadorna tadorna;2498009;Tadorna tadorna;Aves;Anseriformes;Anatidae
22;2475532;Alcedo atthis;2475532;Alcedo atthis;Aves;Coraciiformes;Alcedinidae
332;0;NA;2490614;Melanocorypha yeltoniensis;Aves;Passeriformes;Alaudidae
19;8077224;Alauda arvensis;8077224;Alauda arvensis;Aves;Passeriformes;Alaudidae
20;2490611;Melanocorypha leucoptera;7607411;Alauda leucoptera;Aves;Passeriformes;Alaudidae
21;2490682;Calandrella rufescens;8728578;Alaudala rufescens;Aves;Passeriformes;Alaudidae
99;2490681;Calandrella brachydactyla;2490681;Calandrella brachydactyla;Aves;Passeriformes;Alaudidae
135;2490674;Chersophilus duponti;2490674;Chersophilus duponti;Aves;Passeriformes;Alaudidae
215;9415596;Eremophila alpestris;9415596;Eremophila alpestris;Aves;Passeriformes;Alaudidae
244;2490669;Galerida cristata;2490669;Galerida cristata;Aves;Passeriformes;Alaudidae
245;9330514;Galerida theklae;9330514;Galerida theklae;Aves;Passeriformes;Alaudidae
312;2490604;Lullula arborea;2490604;Lullula arborea;Aves;Passeriformes;Alaudidae
331;2490613;Melanocorypha calandra;2490613;Melanocorypha calandra;Aves;Passeriformes;Alaudidae
16;2495000;Aegithalos caudatus;2495000;Aegithalos caudatus;Aves;Passeriformes;Aegithalidae
275;2493215;Hippolais caligata;5739359;Iduna caligata;Aves;Passeriformes;Acrocephalidae
276;2493216;Hippolais pallida;5739361;Iduna pallida;Aves;Passeriformes;Acrocephalidae
277;0;NA;5739357;Iduna rama;Aves;Passeriformes;Acrocephalidae
7;2493137;Acrocephalus agricola;2493137;Acrocephalus agricola;Aves;Passeriformes;Acrocephalidae
8;2493128;Acrocephalus arundinaceus;2493128;Acrocephalus arundinaceus;Aves;Passeriformes;Acrocephalidae
9;2493145;Acrocephalus dumetorum;2493145;Acrocephalus dumetorum;Aves;Passeriformes;Acrocephalidae
10;2493124;Acrocephalus melanopogon;2493124;Acrocephalus melanopogon;Aves;Passeriformes;Acrocephalidae
11;2493114;Acrocephalus paludicola;2493114;Acrocephalus paludicola;Aves;Passeriformes;Acrocephalidae
12;2493136;Acrocephalus palustris;2493136;Acrocephalus palustris;Aves;Passeriformes;Acrocephalidae
13;2493129;Acrocephalus schoenobaenus;2493129;Acrocephalus schoenobaenus;Aves;Passeriformes;Acrocephalidae
14;2493118;Acrocephalus scirpaceus;2493118;Acrocephalus scirpaceus;Aves;Passeriformes;Acrocephalidae
266;2493220;Hippolais icterina;2493220;Hippolais icterina;Aves;Passeriformes;Acrocephalidae
267;2493217;Hippolais languida;2493217;Hippolais languida;Aves;Passeriformes;Acrocephalidae
268;2493219;Hippolais olivetorum;2493219;Hippolais olivetorum;Aves;Passeriformes;Acrocephalidae
269;2493214;Hippolais polyglotta;2493214;Hippolais polyglotta;Aves;Passeriformes;Acrocephalidae
149;2480509;Aquila clanga;7477624;Clanga clanga;Aves;Accipitriformes;Accipitridae
150;2480505;Aquila pomarina;8256382;Clanga pomarina;Aves;Accipitriformes;Accipitridae
2;2480578;Accipiter brevipes;2480578;Accipiter brevipes;Aves;Accipitriformes;Accipitridae
3;2480589;Accipiter gentilis;2480589;Accipiter gentilis;Aves;Accipitriformes;Accipitridae
4;2480637;Accipiter nisus;2480637;Accipiter nisus;Aves;Accipitriformes;Accipitridae
18;5229165;Aegypius monachus;5229165;Aegypius monachus;Aves;Accipitriformes;Accipitridae
60;2480510;Aquila adalberti;2480510;Aquila adalberti;Aves;Accipitriformes;Accipitridae
61;2480506;Aquila chrysaetos;2480506;Aquila chrysaetos;Aves;Accipitriformes;Accipitridae
62;2480690;Hieraaetus fasciatus;5844449;Aquila fasciata;Aves;Accipitriformes;Accipitridae
63;2480500;Aquila heliaca;2480500;Aquila heliaca;Aves;Accipitriformes;Accipitridae
64;2480513;Aquila nipalensis;2480513;Aquila nipalensis;Aves;Accipitriformes;Accipitridae
96;2480537;Buteo buteo;2480537;Buteo buteo;Aves;Accipitriformes;Accipitridae
97;2480524;Buteo lagopus;2480524;Buteo lagopus;Aves;Accipitriformes;Accipitridae
98;2480564;Buteo rufinus;2480564;Buteo rufinus;Aves;Accipitriformes;Accipitridae
142;2480666;Circaetus gallicus;2480666;Circaetus gallicus;Aves;Accipitriformes;Accipitridae
143;2480482;Circus aeruginosus;2480482;Circus aeruginosus;Aves;Accipitriformes;Accipitridae
144;2480487;Circus cyaneus;2480487;Circus cyaneus;Aves;Accipitriformes;Accipitridae
145;2480491;Circus macrourus;2480491;Circus macrourus;Aves;Accipitriformes;Accipitridae
146;2480495;Circus pygargus;2480495;Circus pygargus;Aves;Accipitriformes;Accipitridae
194;2480372;Elanus caeruleus;2480372;Elanus caeruleus;Aves;Accipitriformes;Accipitridae
259;2480649;Gypaetus barbatus;2480649;Gypaetus barbatus;Aves;Accipitriformes;Accipitridae
260;2480389;Gyps fulvus;2480389;Gyps fulvus;Aves;Accipitriformes;Accipitridae
261;2480449;Haliaeetus albicilla;2480449;Haliaeetus albicilla;Aves;Accipitriformes;Accipitridae
264;2480685;Hieraaetus pennatus;2480685;Hieraaetus pennatus;Aves;Accipitriformes;Accipitridae
366;5229167;Milvus migrans;5229167;Milvus migrans;Aves;Accipitriformes;Accipitridae
367;5229168;Milvus milvus;5229168;Milvus milvus;Aves;Accipitriformes;Accipitridae
410;2480696;Neophron percnopterus;2480696;Neophron percnopterus;Aves;Accipitriformes;Accipitridae
444;2480420;Pernis apivorus;2480420;Pernis apivorus;Aves;Accipitriformes;Accipitridae
;;;;;;;
;;;;;;;
;;;;;;;
;;;;;;;
;;;;;;;
;;;;;;;
;;;;;;;
;;;;;;;
;;;;;;;
;;;;;;;
;;;;;;;
;;;;;;;
;;;;;;;
;;;;;;;
;;;;;;;
;;;;;;;
;;;;;;;
;;;;;;;
;;;;;;;
;;;;;;;
;;;;;;;
;;;;;;;
;;;;;;;
;;;;;;;
;;;;;;;
;;;;;;;
;;;;;;;
;;;;;;;
;;;;;;;
;;;;;;;
;;;;;;;
;;;;;;;
;;;;;;;
;;;;;;;
;;;;;;;
;;;;;;;
;;;;;;;
;;;;;;;
;;;;;;;
;;;;;;;
;;;;;;;
;;;;;;;
;;;;;;;
;;;;;;;
;;;;;;;
;;;;;;;
;;;;;;;
;;;;;;;
;;;;;;;
;;;;;;;
;;;;;;;
;;;;;;;
;;;;;;;
;;;;;;;
;;;;;;;
;;;;;;;
;;;;;;;
;;;;;;;
;;;;;;;
;;;;;;;
;;;;;;;
;;;;;;;
;;;;;;;
;;;;;;;
;;;;;;;
;;;;;;;
;;;;;;;
;;;;;;;
;;;;;;;
;;;;;;;
;;;;;;;
;;;;;;;
;;;;;;;
;;;;;;;
;;;;;;;
;;;;;;;
;;;;;;;
;;;;;;;
;;;;;;;
;;;;;;;
;;;;;;;
;;;;;;;
;;;;;;;
;;;;;;;
;;;;;;;
;;;;;;;
;;;;;;;
;;;;;;;
;;;;;;;
;;;;;;;
;;;;;;;
;;;;;;;
;;;;;;;
;;;;;;;
;;;;;;;
;;;;;;;
;;;;;;;
;;;;;;;
;;;;;;;
;;;;;;;
;;;;;;;
;;;;;;;
;;;;;;;
;;;;;;;
;;;;;;;
;;;;;;;
;;;;;;;
;;;;;;;
;;;;;;;
;;;;;;;
;;;;;;;
;;;;;;;
;;;;;;;
;;;;;;;
;;;;;;;
;;;;;;;
;;;;;;;
;;;;;;;
;;;;;;;
;;;;;;;
;;;;;;;
;;;;;;;
;;;;;;;
;;;;;;;
;;;;;;;
;;;;;;;
;;;;;;;
;;;;;;;
;;;;;;;
;;;;;;;
;;;;;;;
;;;;;;;
;;;;;;;
;;;;;;;
;;;;;;;
;;;;;;;
;;;;;;;
;;;;;;;
;;;;;;;
;;;;;;;
;;;;;;;
;;;;;;;
;;;;;;;
;;;;;;;
;;;;;;;
;;;;;;;
;;;;;;;
;;;;;;;
;;;;;;;
;;;;;;;
;;;;;;;
;;;;;;;
;;;;;;;
;;;;;;;
;;;;;;;
;;;;;;;
;;;;;;;
;;;;;;;
;;;;;;;
;;;;;;;
;;;;;;;
;;;;;;;
;;;;;;;
;;;;;;;
;;;;;;;
;;;;;;;
;;;;;;;
;;;;;;;
;;;;;;;
;;;;;;;
;;;;;;;
;;;;;;;
;;;;;;;
;;;;;;;
;;;;;;;
;;;;;;;
;;;;;;;
;;;;;;;
;;;;;;;
;;;;;;;
;;;;;;;
;;;;;;;
;;;;;;;
;;;;;;;
;;;;;;;
;;;;;;;
;;;;;;;
;;;;;;;
;;;;;;;
;;;;;;;
;;;;;;;
;;;;;;;
;;;;;;;
;;;;;;;
;;;;;;;
;;;;;;;
;;;;;;;
;;;;;;;
;;;;;;;
;;;;;;;
;;;;;;;
;;;;;;;
;;;;;;;
;;;;;;;
;;;;;;;
;;;;;;;
;;;;;;;
;;;;;;;
;;;;;;;
;;;;;;;
;;;;;;;
;;;;;;;
;;;;;;;
;;;;;;;
;;;;;;;
;;;;;;;
;;;;;;;
;;;;;;;
;;;;;;;
;;;;;;;
;;;;;;;
;;;;;;;
;;;;;;;
;;;;;;;
;;;;;;;
;;;;;;;
;;;;;;;
;;;;;;;
;;;;;;;
;;;;;;;
;;;;;;;
;;;;;;;
;;;;;;;
;;;;;;;
;;;;;;;
;;;;;;;
;;;;;;;
;;;;;;;
;;;;;;;
;;;;;;;
;;;;;;;
;;;;;;;
;;;;;;;
;;;;;;;
;;;;;;;
;;;;;;;
;;;;;;;
;;;;;;;
;;;;;;;
;;;;;;;
;;;;;;;
;;;;;;;
;;;;;;;
;;;;;;;
;;;;;;;
;;;;;;;
;;;;;;;
;;;;;;;
;;;;;;;
;;;;;;;
;;;;;;;
;;;;;;;
;;;;;;;
;;;;;;;
;;;;;;;
;;;;;;;
;;;;;;;
;;;;;;;
;;;;;;;
;;;;;;;
;;;;;;;
;;;;;;;
;;;;;;;
;;;;;;;
;;;;;;;
;;;;;;;
;;;;;;;
;;;;;;;
;;;;;;;
;;;;;;;
;;;;;;;
;;;;;;;
;;;;;;;
;;;;;;;
;;;;;;;
;;;;;;;
;;;;;;;
;;;;;;;
;;;;;;;
;;;;;;;
;;;;;;;
;;;;;;;
;;;;;;;
;;;;;;;
;;;;;;;
;;;;;;;
;;;;;;;
;;;;;;;
;;;;;;;
;;;;;;;
;;;;;;;
;;;;;;;
;;;;;;;
;;;;;;;
;;;;;;;
;;;;;;;
;;;;;;;
;;;;;;;
;;;;;;;
;;;;;;;
;;;;;;;
;;;;;;;
;;;;;;;
;;;;;;;
;;;;;;;
;;;;;;;
;;;;;;;
;;;;;;;
;;;;;;;
;;;;;;;
;;;;;;;
;;;;;;;
;;;;;;;
;;;;;;;
;;;;;;;
;;;;;;;
;;;;;;;
;;;;;;;
;;;;;;;
;;;;;;;
;;;;;;;
;;;;;;;
;;;;;;;
;;;;;;;
;;;;;;;
;;;;;;;
;;;;;;;
;;;;;;;
;;;;;;;
;;;;;;;
;;;;;;;
;;;;;;;
;;;;;;;
;;;;;;;
;;;;;;;
;;;;;;;
;;;;;;;
;;;;;;;
;;;;;;;
;;;;;;;
;;;;;;;
;;;;;;;
;;;;;;;
;;;;;;;
;;;;;;;
;;;;;;;
;;;;;;;
;;;;;;;
;;;;;;;
;;;;;;;
;;;;;;;
;;;;;;;
;;;;;;;
;;;;;;;
;;;;;;;
;;;;;;;
;;;;;;;
;;;;;;;
;;;;;;;
;;;;;;;
;;;;;;;
;;;;;;;
;;;;;;;
;;;;;;;
;;;;;;;
;;;;;;;
;;;;;;;
;;;;;;;
;;;;;;;
;;;;;;;
;;;;;;;
;;;;;;;
;;;;;;;
;;;;;;;
;;;;;;;
;;;;;;;
;;;;;;;
;;;;;;;
;;;;;;;
;;;;;;;
;;;;;;;
;;;;;;;
;;;;;;;
;;;;;;;
;;;;;;;
;;;;;;;
;;;;;;;
;;;;;;;
;;;;;;;
;;;;;;;
;;;;;;;
;;;;;;;
;;;;;;;
;;;;;;;
;;;;;;;
;;;;;;;
;;;;;;;
;;;;;;;
;;;;;;;
;;;;;;;
;;;;;;;
;;;;;;;
;;;;;;;
;;;;;;;
;;;;;;;
;;;;;;;
;;;;;;;
;;;;;;;
;;;;;;;
;;;;;;;
;;;;;;;
;;;;;;;
;;;;;;;
;;;;;;;
;;;;;;;
;;;;;;;
;;;;;;;
;;;;;;;
;;;;;;;
;;;;;;;
;;;;;;;
;;;;;;;
;;;;;;;
;;;;;;;
;;;;;;;
;;;;;;;
;;;;;;;
;;;;;;;
;;;;;;;
;;;;;;;
;;;;;;;
;;;;;;;
;;;;;;;
;;;;;;;
;;;;;;;
;;;;;;;
;;;;;;;
;;;;;;;
;;;;;;;
;;;;;;;
;;;;;;;
;;;;;;;
;;;;;;;
;;;;;;;
;;;;;;;
;;;;;;;
;;;;;;;
;;;;;;;
;;;;;;;
;;;;;;;
;;;;;;;
;;;;;;;
;;;;;;;
;;;;;;;
;;;;;;;
;;;;;;;
;;;;;;;
;;;;;;;
;;;;;;;
;;;;;;;
;;;;;;;
;;;;;;;
;;;;;;;
;;;;;;;
;;;;;;;
;;;;;;;
;;;;;;;
;;;;;;;
;;;;;;;
;;;;;;;
;;;;;;;
;;;;;;;
;;;;;;;
;;;;;;;
;;;;;;;
;;;;;;;
;;;;;;;
;;;;;;;
;;;;;;;
;;;;;;;
;;;;;;;
;;;;;;;
;;;;;;;
;;;;;;;
;;;;;;;
;;;;;;;
;;;;;;;
;;;;;;;
;;;;;;;
;;;;;;;
;;;;;;;
;;;;;;;
;;;;;;;
;;;;;;;
;;;;;;;
;;;;;;;
;;;;;;;
;;;;;;;
;;;;;;;
;;;;;;;
;;;;;;;
;;;;;;;
;;;;;;;
;;;;;;;
;;;;;;;
;;;;;;;
;;;;;;;
;;;;;;;
;;;;;;;
;;;;;;;
;;;;;;;
;;;;;;;
;;;;;;;
;;;;;;;
;;;;;;;
;;;;;;;
;;;;;;;
;;;;;;;
;;;;;;;
;;;;;;;
;;;;;;;
;;;;;;;
;;;;;;;
;;;;;;;
;;;;;;;
;;;;;;;
;;;;;;;
;;;;;;;
;;;;;;;
;;;;;;;
;;;;;;;
;;;;;;;
;;;;;;;
;;;;;;;
;;;;;;;
;;;;;;;
;;;;;;;
;;;;;;;
;;;;;;;
;;;;;;;
;;;;;;;
;;;;;;;
;;;;;;;
;;;;;;;
;;;;;;;
;;;;;;;
;;;;;;;
;;;;;;;
;;;;;;;
;;;;;;;
;;;;;;;
;;;;;;;
;;;;;;;
;;;;;;;
;;;;;;;
;;;;;;;
;;;;;;;
;;;;;;;
;;;;;;;
;;;;;;;
;;;;;;;
;;;;;;;
;;;;;;;
;;;;;;;
;;;;;;;
;;;;;;;
;;;;;;;
;;;;;;;
;;;;;;;
;;;;;;;
;;;;;;;
;;;;;;;
;;;;;;;
;;;;;;;
;;;;;;;
;;;;;;;
;;;;;;;
;;;;;;;
;;;;;;;
;;;;;;;
;;;;;;;
;;;;;;;
;;;;;;;
;;;;;;;
;;;;;;;
;;;;;;;
;;;;;;;
;;;;;;;
;;;;;;;
;;;;;;;
