"ID","class","species","level","Nit_total","Nit_pred","Nit_prey","Mean.int","SD.int","Nint.at.risk_Direct","Nint.at.risk_Direct.as.pred","Nint.at.risk_Direct.as.prey","Nint.at.risk_Indirect","Nint.at.risk_Indirect.as.pred","Nint.at.risk_Indirect.as.prey","AOO","direct.effect.area","cascading.effect.area","direct.effect.prop","cascading.effect.prop","ID.1"
1,"Birds","Acrocephalus agricola","Basal",2623,0,2623,8.1,1.1,0,0,0,0,0,0,323,0,0,0,0,217
2,"Birds","Acrocephalus arundinaceus","Basal",21971,0,21971,7.8,1.6,255,0,255,179,0,179,2824,37,152,1.3,5.4,218
3,"Birds","Acrocephalus dumetorum","Basal",7352,0,7352,7,1,30,0,30,0,0,0,1045,4,0,0.4,0,219
4,"Birds","Acrocephalus melanopogon","Basal",3581,0,3581,5.3,1.5,16,0,16,32,0,32,674,3,24,0.4,3.6,220
5,"Birds","Acrocephalus paludicola","Basal",710,0,710,5.5,0.8,4,0,4,0,0,0,129,1,0,0.8,0,221
6,"Birds","Acrocephalus palustris","Basal",14535,0,14535,5.7,1.3,483,0,483,66,0,66,2564,84,57,3.3,2.2,222
7,"Birds","Acrocephalus schoenobaenus","Basal",23943,0,23943,6.6,2.2,49,0,49,193,0,193,3614,8,143,0.2,4,223
8,"Birds","Acrocephalus scirpaceus","Basal",20404,0,20404,7.2,1.8,64,0,64,281,0,281,2825,10,208,0.4,7.4,224
9,"Birds","Actitis hypoleucos","Basal",40613,0,40613,10.1,2.1,88,0,88,46,0,46,4018,10,28,0.2,0.7,225
10,"Birds","Aegithalos caudatus","Basal",25353,0,25353,6.8,1.7,16,0,16,520,0,520,3741,3,477,0.1,12.8,226
11,"Birds","Alauda arvensis","Basal",104592,0,104592,24,5.6,1220,0,1220,981,0,981,4361,54,432,1.2,9.9,229
12,"Birds","Alcedo atthis","Basal",5702,0,5702,1.8,0.7,0,0,0,4,0,4,3160,0,4,0,0.1,232
13,"Birds","Alectoris barbara","Basal",75,0,75,3.4,1.2,0,0,0,0,0,0,22,0,0,0,0,233
14,"Birds","Alectoris chukar","Basal",1718,0,1718,9.7,5.4,8,0,8,5,0,5,178,1,4,0.6,2.2,234
15,"Birds","Alectoris graeca","Basal",3475,0,3475,10.2,2.9,0,0,0,55,0,55,340,0,34,0,10,235
16,"Birds","Alectoris rufa","Basal",4489,0,4489,7.3,2.8,111,0,111,178,0,178,619,23,160,3.7,25.8,236
17,"Birds","Anas acuta","Basal",29648,0,29648,9.9,2.6,0,0,0,175,0,175,2998,0,113,0,3.8,237
18,"Birds","Anas crecca","Basal",49164,0,49164,11.5,3,0,0,0,404,0,404,4270,0,193,0,4.5,238
19,"Birds","Anas platyrhynchos","Basal",41973,0,41973,9.7,2.7,0,0,0,237,0,237,4314,0,154,0,3.6,239
20,"Birds","Anser albifrons","Basal",2761,0,2761,4.7,1.9,0,0,0,8,0,8,587,0,4,0,0.7,240
21,"Birds","Anser anser","Basal",11093,0,11093,5.3,1.6,16,0,16,14,0,14,2096,4,9,0.2,0.4,241
22,"Birds","Anser brachyrhynchus","Basal",231,0,231,2.7,0.5,0,0,0,6,0,6,85,0,3,0,3.5,242
23,"Birds","Anser erythropus","Basal",3968,0,3968,6.2,1.4,20,0,20,0,0,0,641,5,0,0.8,0,243
24,"Birds","Anser fabalis","Basal",6913,0,6913,5.9,2,36,0,36,0,0,0,1171,10,0,0.9,0,244
25,"Birds","Anthropoides virgo","Basal",1215,0,1215,2.9,0.3,0,0,0,0,0,0,413,0,0,0,0,245
26,"Birds","Anthus campestris","Basal",54201,0,54201,25.2,4,1043,0,1043,483,0,483,2153,46,253,2.1,11.8,246
27,"Birds","Anthus cervinus","Basal",4529,0,4529,15.1,2.7,276,0,276,0,0,0,299,15,0,5,0,247
28,"Birds","Anthus hodgsoni","Basal",2547,0,2547,18.9,2.5,0,0,0,0,0,0,135,0,0,0,0,249
29,"Birds","Anthus petrosus","Basal",11327,0,11327,17,4.2,164,0,164,139,0,139,667,8,59,1.2,8.8,250
30,"Birds","Anthus pratensis","Basal",82453,0,82453,21.5,5.3,1039,0,1039,964,0,964,3836,48,422,1.3,11,251
31,"Birds","Anthus spinoletta","Basal",29424,0,29424,22.1,4.7,1455,0,1455,770,0,770,1331,71,355,5.3,26.7,252
32,"Birds","Anthus trivialis","Basal",84891,0,84891,23.1,4.6,1651,0,1651,704,0,704,3672,76,330,2.1,9,253
33,"Birds","Apus apus","Basal",11287,0,11287,2.7,0.5,394,0,394,67,0,67,4259,136,67,3.2,1.6,255
34,"Birds","Apus pallidus","Basal",454,0,454,1.1,0.3,7,0,7,0,0,0,401,7,0,1.7,0,257
35,"Birds","Arenaria interpres","Basal",6774,0,6774,8.7,3.1,44,0,44,6,0,6,779,5,5,0.6,0.6,267
36,"Birds","Aythya ferina","Basal",38459,0,38459,10.9,2.9,0,0,0,292,0,292,3539,0,159,0,4.5,271
37,"Birds","Aythya fuligula","Basal",35066,0,35066,9.6,2.8,0,0,0,260,0,260,3637,0,154,0,4.2,272
38,"Birds","Aythya marila","Basal",10882,0,10882,8.7,2.8,0,0,0,42,0,42,1245,0,22,0,1.8,273
39,"Birds","Aythya nyroca","Basal",18391,0,18391,10.3,2.1,38,0,38,63,0,63,1785,4,59,0.2,3.3,274
40,"Birds","Bombycilla garrulus","Basal",20149,0,20149,6.4,1.9,29,0,29,159,0,159,3124,5,153,0.2,4.9,275
41,"Birds","Bonasa bonasia","Basal",21096,0,21096,9.2,1.8,9489,0,9489,0,0,0,2303,1123,0,48.8,0,276
42,"Birds","Branta bernicla","Basal",1269,0,1269,3.6,1.8,3,0,3,19,0,19,356,1,9,0.3,2.5,278
43,"Birds","Branta leucopsis","Basal",785,0,785,4.5,2.4,0,0,0,16,0,16,173,0,6,0,3.5,280
44,"Birds","Bucanetes githagineus","Basal",265,0,265,15.6,2,0,0,0,4,0,4,17,0,3,0,17.6,285
45,"Birds","Bucephala clangula","Basal",18892,0,18892,7.1,1.9,15,0,15,48,0,48,2670,3,26,0.1,1,286
46,"Birds","Calandrella brachydactyla","Basal",32139,0,32139,26.9,4.4,224,0,224,312,0,312,1193,9,157,0.8,13.2,291
47,"Birds","Calcarius lapponicus","Basal",21530,0,21530,18.6,3.8,923,0,923,3,0,3,1156,53,3,4.6,0.3,292
48,"Birds","Calidris alba","Basal",986,0,986,2.7,1,15,0,15,0,0,0,365,5,0,1.4,0,293
49,"Birds","Calidris alpina","Basal",13311,0,13311,9.6,3,8,0,8,80,0,80,1384,1,51,0.1,3.7,294
50,"Birds","Calidris canutus","Basal",1772,0,1772,7.2,2,35,0,35,0,0,0,245,4,0,1.6,0,295
51,"Birds","Calidris maritima","Basal",5192,0,5192,7.9,3.5,106,0,106,1,0,1,655,13,1,2,0.2,298
52,"Birds","Calidris minuta","Basal",3476,0,3476,8.5,3.2,43,0,43,0,0,0,411,6,0,1.5,0,299
53,"Birds","Calidris temminckii","Basal",5789,0,5789,11,2.3,0,0,0,0,0,0,528,0,0,0,0,301
54,"Birds","Caprimulgus europaeus","Basal",14068,0,14068,3.9,1.1,358,0,358,39,0,39,3569,102,38,2.9,1.1,303
55,"Birds","Caprimulgus ruficollis","Basal",1030,0,1030,5.1,0.6,10,0,10,2,0,2,202,2,2,1,1,304
56,"Birds","Carduelis carduelis","Basal",94951,0,94951,25.6,4.8,0,0,0,2146,0,2146,3707,0,946,0,25.5,305
57,"Birds","Carpodacus erythrinus","Basal",60339,0,60339,25,3.8,520,0,520,182,0,182,2415,22,145,0.9,6,308
58,"Birds","Carpodacus rubicilla","Basal",518,0,518,20.7,0.6,0,0,0,0,0,0,25,0,0,0,0,309
59,"Birds","Cercotrichas galactotes","Basal",3203,0,3203,13.6,2.7,172,0,172,3,0,3,235,12,3,5.1,1.3,311
60,"Birds","Certhia brachydactyla","Basal",6012,0,6012,4.1,1,1352,0,1352,96,0,96,1460,307,96,21,6.6,312
61,"Birds","Certhia familiaris","Basal",16265,0,16265,5.1,1.3,218,0,218,207,0,207,3173,47,207,1.5,6.5,313
62,"Birds","Cettia cetti","Basal",7904,0,7904,7.5,2.3,616,0,616,51,0,51,1058,90,51,8.5,4.8,314
63,"Birds","Charadrius alexandrinus","Basal",7450,0,7450,7.5,1.8,0,0,0,7,0,7,991,0,5,0,0.5,315
64,"Birds","Charadrius dubius","Basal",33741,0,33741,9,1.7,572,0,572,5,0,5,3750,72,5,1.9,0.1,316
65,"Birds","Charadrius hiaticula","Basal",12844,0,12844,9,2.7,0,0,0,96,0,96,1433,0,66,0,4.6,317
66,"Birds","Charadrius leschenaultii","Basal",29,0,29,9.7,0.6,0,0,0,0,0,0,3,0,0,0,0,318
67,"Birds","Chersophilus duponti","Basal",1710,0,1710,27.6,2.4,0,0,0,11,0,11,62,0,8,0,12.9,319
68,"Birds","Chlidonias hybrida","Basal",1377,0,1377,2.8,0.4,9,0,9,0,0,0,500,4,0,0.8,0,320
69,"Birds","Chlidonias leucopterus","Basal",3801,0,3801,2.9,0.2,9,0,9,0,0,0,1289,3,0,0.2,0,321
70,"Birds","Chlidonias niger","Basal",5934,0,5934,2.9,0.4,30,0,30,0,0,0,2078,12,0,0.6,0,322
71,"Birds","Cinclus cinclus","Basal",8990,0,8990,3.6,0.8,36,0,36,55,0,55,2524,11,55,0.4,2.2,324
72,"Birds","Cisticola juncidis","Basal",12178,0,12178,17.7,4.1,203,0,203,378,0,378,688,11,188,1.6,27.3,330
73,"Birds","Clamator glandarius","Basal",1475,0,1475,4.9,0.9,6,0,6,63,0,63,301,1,63,0.3,20.9,331
74,"Birds","Clangula hyemalis","Basal",5518,0,5518,6.5,3,0,0,0,4,0,4,849,0,2,0,0.2,334
75,"Birds","Coccothraustes coccothraustes","Basal",72182,0,72182,21.6,3.2,716,0,716,725,0,725,3340,37,510,1.1,15.3,335
76,"Birds","Columba livia","Basal",57220,0,57220,16.4,3.1,0,0,0,557,0,557,3484,0,306,0,8.8,336
77,"Birds","Columba oenas","Basal",43370,0,43370,12.8,2.7,163,0,163,356,0,356,3380,15,273,0.4,8.1,337
78,"Birds","Columba palumbus","Basal",48963,0,48963,11.7,2.8,335,0,335,365,0,365,4179,32,295,0.8,7.1,338
79,"Birds","Coturnix coturnix","Basal",41020,0,41020,11.4,2.9,0,0,0,376,0,376,3601,0,243,0,6.7,344
80,"Birds","Crex crex","Basal",37921,0,37921,13.2,2.5,1315,0,1315,5,0,5,2863,103,5,3.6,0.2,345
81,"Birds","Cuculus canorus","Basal",25236,0,25236,5.8,1.6,0,0,0,431,0,431,4327,0,350,0,8.1,346
82,"Birds","Cuculus saturatus","Basal",2561,0,2561,3.2,0.7,0,0,0,0,0,0,803,0,0,0,0,347
83,"Birds","Cygnus columbianus","Basal",839,0,839,2.4,1.7,16,0,16,0,0,0,354,12,0,3.4,0,352
84,"Birds","Cygnus cygnus","Basal",4761,0,4761,2.9,1,9,0,9,1,0,1,1663,7,1,0.4,0.1,353
85,"Birds","Cygnus olor","Basal",3093,0,3093,2.1,0.8,0,0,0,4,0,4,1445,0,4,0,0.3,354
86,"Birds","Delichon urbicum","Basal",18586,0,18586,4.3,0.8,10,0,10,316,0,316,4318,2,201,0,4.7,355
87,"Birds","Dendrocopos leucotos","Basal",10070,0,10070,5.3,0.8,5,0,5,0,0,0,1907,1,0,0.1,0,356
88,"Birds","Dryocopus martius","Basal",9288,0,9288,3,0.8,15,0,15,6,0,6,3090,7,6,0.2,0.2,360
89,"Birds","Emberiza aureola","Basal",27124,0,27124,24.9,3,86,0,86,0,0,0,1089,3,0,0.3,0,363
90,"Birds","Emberiza bruniceps","Basal",653,0,653,21.1,2.4,0,0,0,0,0,0,31,0,0,0,0,364
91,"Birds","Emberiza caesia","Basal",2371,0,2371,16.1,5.5,15,0,15,9,0,9,147,1,9,0.7,6.1,365
92,"Birds","Emberiza cia","Basal",23609,0,23609,23.5,3.2,0,0,0,518,0,518,1003,0,234,0,23.3,367
93,"Birds","Emberiza cineracea","Basal",107,0,107,15.3,3.5,0,0,0,0,0,0,7,0,0,0,0,368
94,"Birds","Emberiza cirlus","Basal",24942,0,24942,24,4.2,5229,0,5229,108,0,108,1038,217,105,20.9,10.1,369
95,"Birds","Emberiza citrinella","Basal",95108,0,95108,23.8,4.3,63,0,63,1100,0,1100,4000,3,528,0.1,13.2,370
96,"Birds","Emberiza hortulana","Basal",72306,0,72306,25,3.8,5128,0,5128,37,0,37,2889,216,36,7.5,1.2,371
97,"Birds","Emberiza leucocephalos","Basal",1969,0,1969,20.1,3.9,0,0,0,0,0,0,98,0,0,0,0,372
98,"Birds","Emberiza melanocephala","Basal",10125,0,10125,23.1,5.1,42,0,42,45,0,45,439,2,37,0.5,8.4,373
99,"Birds","Emberiza pallasi","Basal",299,0,299,13.6,1.1,0,0,0,0,0,0,22,0,0,0,0,374
100,"Birds","Emberiza pusilla","Basal",14195,0,14195,20,3.5,0,0,0,0,0,0,710,0,0,0,0,375
101,"Birds","Emberiza rustica","Basal",19591,0,19591,21.1,2.7,41,0,41,9,0,9,929,2,9,0.2,1,376
102,"Birds","Emberiza schoeniclus","Basal",104680,0,104680,23.7,5.1,65,0,65,1005,0,1005,4422,3,403,0.1,9.1,377
103,"Birds","Eremophila alpestris","Basal",31103,0,31103,24.2,6.9,899,0,899,48,0,48,1285,39,30,3,2.3,378
104,"Birds","Erithacus rubecula","Basal",77626,0,77626,18.2,3.5,0,0,0,966,0,966,4270,0,533,0,12.5,379
105,"Birds","Ficedula albicollis","Basal",20303,0,20303,17.7,2.3,156,0,156,244,0,244,1150,9,190,0.8,16.5,391
106,"Birds","Ficedula hypoleuca","Basal",51031,0,51031,17.4,2.9,40,0,40,491,0,491,2929,3,324,0.1,11.1,392
107,"Birds","Ficedula parva","Basal",46297,0,46297,18.4,2.3,91,0,91,204,0,204,2519,5,182,0.2,7.2,393
108,"Birds","Ficedula semitorquata","Basal",3002,0,3002,17.6,1.4,0,0,0,5,0,5,171,0,5,0,2.9,394
109,"Birds","Francolinus francolinus","Basal",8,0,8,8,NA,0,0,0,0,0,0,1,0,0,0,0,395
110,"Birds","Fringilla coelebs","Basal",99849,0,99849,23.1,4.3,0,0,0,1356,0,1356,4321,0,581,0,13.4,396
111,"Birds","Fringilla montifringilla","Basal",64597,0,64597,19.9,4.1,52,0,52,944,0,944,3241,3,520,0.1,16,397
112,"Birds","Galerida cristata","Basal",61540,0,61540,27.4,4.5,220,0,220,976,0,976,2245,9,367,0.4,16.3,400
113,"Birds","Galerida theklae","Basal",6048,0,6048,26.5,4.4,29,0,29,94,0,94,228,1,52,0.4,22.8,401
114,"Birds","Gallinago gallinago","Basal",38898,0,38898,9.9,2.3,88,0,88,79,0,79,3942,10,37,0.3,0.9,402
115,"Birds","Gallinago media","Basal",20173,0,20173,11,1.3,11,0,11,1,0,1,1828,1,1,0.1,0.1,403
116,"Birds","Gallinago stenura","Basal",1310,0,1310,11.4,0.9,0,0,0,0,0,0,115,0,0,0,0,404
117,"Birds","Gallinula chloropus","Basal",46061,0,46061,13.1,2.8,0,0,0,429,0,429,3517,0,182,0,5.2,405
118,"Birds","Glareola nordmanni","Basal",2523,0,2523,4.9,1,0,0,0,0,0,0,512,0,0,0,0,408
119,"Birds","Glareola pratincola","Basal",2046,0,2046,6,1.4,16,0,16,2,0,2,339,4,2,1.2,0.6,409
120,"Birds","Himantopus himantopus","Basal",11085,0,11085,6.4,1.2,2917,0,2917,0,0,0,1731,508,0,29.3,0,416
121,"Birds","Hippolais icterina","Basal",30310,0,30310,11.6,2.1,453,0,453,222,0,222,2608,46,213,1.8,8.2,417
122,"Birds","Hippolais languida","Basal",4,0,4,4,NA,0,0,0,0,0,0,1,0,0,0,0,418
123,"Birds","Hippolais olivetorum","Basal",1182,0,1182,8.5,1.6,6,0,6,0,0,0,139,1,0,0.7,0,419
124,"Birds","Hippolais polyglotta","Basal",6097,0,6097,8.7,1.5,1165,0,1165,74,0,74,702,136,73,19.4,10.4,420
125,"Birds","Hirundo rustica","Basal",13904,0,13904,3.2,1,11,0,11,253,0,253,4313,3,197,0.1,4.6,421
126,"Birds","Irania gutturalis","Basal",12,0,12,12,NA,0,0,0,0,0,0,1,0,0,0,0,427
127,"Birds","Jynx torquilla","Basal",38030,0,38030,10.4,2,651,0,651,367,0,367,3649,62,360,1.7,9.9,429
128,"Birds","Lagopus lagopus","Basal",19645,0,19645,10.7,2.7,150,0,150,0,0,0,1830,26,0,1.4,0,430
129,"Birds","Lagopus muta","Basal",4918,0,4918,8.7,2.7,62,0,62,0,0,0,568,7,0,1.2,0,431
130,"Birds","Limosa lapponica","Basal",2503,0,2503,5.6,2.2,0,0,0,9,0,9,448,0,5,0,1.1,439
131,"Birds","Limosa limosa","Basal",17513,0,17513,7,1.6,51,0,51,10,0,10,2490,9,9,0.4,0.4,440
132,"Birds","Locustella fluviatilis","Basal",18117,0,18117,8.3,1.4,769,0,769,0,0,0,2175,103,0,4.7,0,443
133,"Birds","Locustella lanceolata","Basal",2468,0,2468,6.4,1,0,0,0,0,0,0,385,0,0,0,0,444
134,"Birds","Locustella luscinioides","Basal",15747,0,15747,8.8,1.4,214,0,214,136,0,136,1798,27,114,1.5,6.3,445
135,"Birds","Locustella naevia","Basal",21675,0,21675,7.9,1.8,2211,0,2211,0,0,0,2748,288,0,10.5,0,446
136,"Birds","Loxia curvirostra","Basal",49301,0,49301,16.8,2.9,40,0,40,600,0,600,2934,3,408,0.1,13.9,448
137,"Birds","Loxia leucoptera","Basal",14562,0,14562,20.2,3.1,0,0,0,0,0,0,721,0,0,0,0,449
138,"Birds","Loxia pytyopsittacus","Basal",29582,0,29582,19.7,3.1,145,0,145,50,0,50,1498,7,49,0.5,3.3,450
139,"Birds","Loxia scotica","Basal",220,0,220,14.7,0.8,0,0,0,0,0,0,15,0,0,0,0,451
140,"Birds","Lullula arborea","Basal",77391,0,77391,26.5,4.6,15224,0,15224,47,0,47,2924,611,44,20.9,1.5,452
141,"Birds","Luscinia luscinia","Basal",34543,0,34543,17.3,2.3,198,0,198,77,0,77,2001,12,76,0.6,3.8,453
142,"Birds","Luscinia megarhynchos","Basal",27763,0,27763,16.2,3,630,0,630,586,0,586,1715,43,406,2.5,23.7,454
143,"Birds","Lymnocryptes minimus","Basal",17457,0,17457,8.3,2.3,45,0,45,50,0,50,2110,7,26,0.3,1.2,455
144,"Birds","Marmaronetta angustirostris","Basal",1363,0,1363,9.3,2.4,0,0,0,0,0,0,146,0,0,0,0,460
145,"Birds","Melanitta fusca","Basal",9268,0,9268,8.7,2.1,0,0,0,16,0,16,1067,0,7,0,0.7,461
146,"Birds","Melanitta nigra","Basal",9322,0,9322,8,2.9,0,0,0,5,0,5,1160,0,3,0,0.3,462
147,"Birds","Melanocorypha calandra","Basal",28191,0,28191,27.8,3.6,148,0,148,217,0,217,1014,6,123,0.6,12.1,463
148,"Birds","Mergellus albellus","Basal",11355,0,11355,6.6,1.6,443,0,443,0,0,0,1708,100,0,5.9,0,465
149,"Birds","Merops apiaster","Basal",4128,0,4128,2.2,0.6,155,0,155,0,0,0,1850,76,0,4.1,0,468
150,"Birds","Monticola saxatilis","Basal",7190,0,7190,9.1,1.2,91,0,91,19,0,19,786,11,18,1.4,2.3,472
151,"Birds","Monticola solitarius","Basal",6771,0,6771,9.5,2.3,45,0,45,23,0,23,716,5,18,0.7,2.5,473
152,"Birds","Montifringilla nivalis","Basal",2931,0,2931,11.3,1.6,0,0,0,107,0,107,259,0,83,0,32,474
153,"Birds","Motacilla alba","Basal",106476,0,106476,23.3,5.8,42,0,42,1378,0,1378,4571,2,484,0,10.6,475
154,"Birds","Motacilla cinerea","Basal",54214,0,54214,23.5,5.5,1557,0,1557,855,0,855,2309,69,397,3,17.2,476
155,"Birds","Motacilla citreola","Basal",32945,0,32945,24.9,5.9,58,0,58,16,0,16,1324,2,10,0.2,0.8,477
156,"Birds","Motacilla flava","Basal",98632,0,98632,24.3,4.9,1833,0,1833,796,0,796,4059,81,368,2,9.1,478
157,"Birds","Muscicapa striata","Basal",71493,0,71493,16.8,3,600,0,600,746,0,746,4257,40,489,0.9,11.5,479
158,"Birds","Netta rufina","Basal",5240,0,5240,8.6,2.4,43,0,43,4,0,4,611,7,4,1.1,0.7,481
159,"Birds","Numenius phaeopus","Basal",10841,0,10841,8.1,1.6,7,0,7,0,0,0,1344,1,0,0.1,0,484
160,"Birds","Oenanthe finschii","Basal",21,0,21,10.5,0.7,0,0,0,0,0,0,2,0,0,0,0,486
161,"Birds","Oenanthe hispanica","Basal",10987,0,10987,15.2,2.4,2249,0,2249,0,0,0,725,147,0,20.3,0,487
162,"Birds","Oenanthe isabellina","Basal",7071,0,7071,15.1,2,0,0,0,1,0,1,468,0,1,0,0.2,488
163,"Birds","Oenanthe leucura","Basal",2771,0,2771,15.2,1.2,0,0,0,28,0,28,182,0,17,0,9.3,489
164,"Birds","Oenanthe oenanthe","Basal",58372,0,58372,13.5,3,143,0,143,425,0,425,4336,11,266,0.3,6.1,490
165,"Birds","Oenanthe pleschanka","Basal",8141,0,8141,15.7,1.6,0,0,0,1,0,1,520,0,1,0,0.2,491
166,"Birds","Oriolus oriolus","Basal",24273,0,24273,7.9,1.4,138,0,138,15,0,15,3084,20,10,0.6,0.3,492
167,"Birds","Oxyura leucocephala","Basal",2414,0,2414,10.7,2,0,0,0,10,0,10,225,0,4,0,1.8,495
168,"Birds","Pagophila eburnea","Basal",570,0,570,1.9,0.9,0,0,0,0,0,0,305,0,0,0,0,496
169,"Birds","Panurus biarmicus","Basal",11010,0,11010,9.1,1.1,138,0,138,62,0,62,1211,16,50,1.3,4.1,498
170,"Birds","Passer domesticus","Basal",90970,0,90970,21.6,4.9,0,0,0,1295,0,1295,4206,0,578,0,13.7,500
171,"Birds","Passer hispaniolensis","Basal",9532,0,9532,25.4,4,0,0,0,76,0,76,376,0,49,0,13,501
172,"Birds","Passer italiae","Basal",4001,0,4001,20.3,3.3,0,0,0,186,0,186,197,0,81,0,41.1,502
173,"Birds","Passer montanus","Basal",94759,0,94759,23.8,4.3,17,0,17,1429,0,1429,3984,1,635,0,15.9,503
174,"Birds","Pelecanus crispus","Basal",397,0,397,2.3,0.5,0,0,0,0,0,0,173,0,0,0,0,505
175,"Birds","Pelecanus onocrotalus","Basal",252,0,252,2.2,0.5,0,0,0,0,0,0,113,0,0,0,0,506
176,"Birds","Perdix perdix","Basal",46169,0,46169,14.3,2.8,239,0,239,324,0,324,3239,21,264,0.6,8.2,507
177,"Birds","Petronia petronia","Basal",13470,0,13470,20.5,3.2,259,0,259,294,0,294,656,13,158,2,24.1,511
178,"Birds","Phalaropus fulicarius","Basal",129,0,129,3.1,2,0,0,0,0,0,0,41,0,0,0,0,512
179,"Birds","Phalaropus lobatus","Basal",5951,0,5951,10.5,2.7,0,0,0,0,0,0,568,0,0,0,0,513
180,"Birds","Phasianus colchicus","Basal",24143,0,24143,10.3,3.5,0,0,0,245,0,245,2344,0,158,0,6.7,514
181,"Birds","Phoenicurus ochruros","Basal",51110,0,51110,21,3.8,376,0,376,898,0,898,2430,20,509,0.8,20.9,516
182,"Birds","Phoenicurus phoenicurus","Basal",83375,0,83375,21,3.7,192,0,192,962,0,962,3963,10,524,0.3,13.2,517
183,"Birds","Phylloscopus bonelli","Basal",6417,0,6417,11.3,1.7,227,0,227,239,0,239,570,22,215,3.9,37.7,518
184,"Birds","Phylloscopus borealis","Basal",9106,0,9106,12.9,3.3,16,0,16,0,0,0,707,1,0,0.1,0,519
185,"Birds","Phylloscopus collybita","Basal",50900,0,50900,13.7,3,1006,0,1006,655,0,655,3719,91,477,2.4,12.8,520
186,"Birds","Phylloscopus inornatus","Basal",889,0,889,12.5,2.2,0,0,0,0,0,0,71,0,0,0,0,522
187,"Birds","Phylloscopus sibilatrix","Basal",41701,0,41701,13.7,2.6,165,0,165,414,0,414,3041,16,348,0.5,11.4,524
188,"Birds","Phylloscopus sindianus","Basal",538,0,538,13.5,0.7,0,0,0,0,0,0,40,0,0,0,0,525
189,"Birds","Phylloscopus trochiloides","Basal",22699,0,22699,15.1,2.1,155,0,155,67,0,67,1507,11,62,0.7,4.1,527
190,"Birds","Phylloscopus trochilus","Basal",42109,0,42109,12.9,3.2,64,0,64,408,0,408,3252,6,325,0.2,10,528
191,"Birds","Picoides tridactylus","Basal",11122,0,11122,5.5,1.3,31,0,31,109,0,109,2016,5,109,0.2,5.4,530
192,"Birds","Picus canus","Basal",17417,0,17417,8,1.2,338,0,338,169,0,169,2172,45,169,2.1,7.8,531
193,"Birds","Picus viridis","Basal",19685,0,19685,7.9,1.5,4,0,4,322,0,322,2499,1,235,0,9.4,533
194,"Birds","Pinicola enucleator","Basal",22408,0,22408,18.8,4.2,23,0,23,8,0,8,1190,1,8,0.1,0.7,534
195,"Birds","Platalea leucorodia","Basal",171,0,171,1,0,3,0,3,0,0,0,171,3,0,1.8,0,535
196,"Birds","Plectrophenax nivalis","Basal",31988,0,31988,17.1,4.3,376,0,376,9,0,9,1873,22,8,1.2,0.4,536
197,"Birds","Plegadis falcinellus","Basal",163,0,163,1,0,0,0,0,0,0,0,163,0,0,0,0,537
198,"Birds","Pluvialis apricaria","Basal",11048,0,11048,6,2.2,97,0,97,6,0,6,1833,22,6,1.2,0.3,538
199,"Birds","Pluvialis squatarola","Basal",3645,0,3645,6.2,2.5,16,0,16,10,0,10,589,3,8,0.5,1.4,539
200,"Birds","Polysticta stelleri","Basal",1299,0,1299,8,2.6,0,0,0,0,0,0,163,0,0,0,0,544
201,"Birds","Porzana porzana","Basal",27460,0,27460,9.7,1.6,99,0,99,91,0,91,2826,10,83,0.4,2.9,546
202,"Birds","Prunella atrogularis","Basal",1268,0,1268,12.1,2.1,0,0,0,0,0,0,105,0,0,0,0,547
203,"Birds","Prunella collaris","Basal",8038,0,8038,9.3,1.5,465,0,465,0,0,0,862,54,0,6.3,0,548
204,"Birds","Prunella modularis","Basal",55407,0,55407,14.6,3.4,0,0,0,605,0,605,3805,0,394,0,10.4,549
205,"Birds","Prunella montanella","Basal",866,0,866,10.2,3.6,0,0,0,0,0,0,85,0,0,0,0,550
206,"Birds","Pyrrhula pyrrhula","Basal",73955,0,73955,17.9,3.3,13,0,13,790,0,790,4121,1,513,0,12.4,553
207,"Birds","Rallus aquaticus","Basal",40129,0,40129,12.3,2.5,119,0,119,337,0,337,3272,10,171,0.3,5.2,554
208,"Birds","Recurvirostra avosetta","Basal",4975,0,4975,6.1,1.4,3,0,3,16,0,16,812,1,9,0.1,1.1,555
209,"Birds","Regulus regulus","Basal",41700,0,41700,10.9,2.5,486,0,486,237,0,237,3832,51,234,1.3,6.1,557
210,"Birds","Remiz pendulinus","Basal",13120,0,13120,5.9,0.7,1434,0,1434,0,0,0,2217,243,0,11,0,558
211,"Birds","Riparia riparia","Basal",13441,0,13441,3.3,0.8,177,0,177,144,0,144,4067,46,144,1.1,3.5,559
212,"Birds","Saxicola rubetra","Basal",56934,0,56934,15.7,3.3,2374,0,2374,191,0,191,3630,159,126,4.4,3.5,560
213,"Birds","Scolopax rusticola","Basal",33712,0,33712,9.1,2.6,5,0,5,284,0,284,3714,1,199,0,5.4,562
214,"Birds","Serinus pusillus","Basal",813,0,813,22.6,1.2,0,0,0,0,0,0,36,0,0,0,0,563
215,"Birds","Serinus serinus","Basal",48077,0,48077,25.6,4,1003,0,1003,947,0,947,1876,41,472,2.2,25.2,564
216,"Birds","Sitta europaea","Basal",23909,0,23909,7.2,2,13,0,13,282,0,282,3308,3,235,0.1,7.1,565
217,"Birds","Sitta krueperi","Basal",42,0,42,1.8,0.4,0,0,0,0,0,0,24,0,0,0,0,566
218,"Birds","Sitta neumayer","Basal",630,0,630,4.3,0.9,3,0,3,0,0,0,148,1,0,0.7,0,567
219,"Birds","Sitta whiteheadi","Basal",6,0,6,1,0,0,0,0,0,0,0,6,0,0,0,0,568
220,"Birds","Somateria mollissima","Basal",3442,0,3442,5.4,3,0,0,0,11,0,11,642,0,4,0,0.6,569
221,"Birds","Somateria spectabilis","Basal",1692,0,1692,6.4,3,0,0,0,0,0,0,265,0,0,0,0,570
222,"Birds","Sterna hirundo","Basal",11864,0,11864,3.7,1.1,23,0,23,8,0,8,3189,11,8,0.3,0.3,578
223,"Birds","Sterna paradisaea","Basal",2650,0,2650,3.1,1.4,3,0,3,2,0,2,864,3,2,0.3,0.2,579
224,"Birds","Streptopelia decaocto","Basal",29626,0,29626,9.2,2.7,4,0,4,419,0,419,3234,1,270,0,8.3,581
225,"Birds","Streptopelia turtur","Basal",44244,0,44244,12.8,2.7,380,0,380,942,0,942,3458,37,689,1.1,19.9,582
226,"Birds","Sturnus unicolor","Basal",7889,0,7889,24.5,3.9,197,0,197,128,0,128,322,8,78,2.5,24.2,586
227,"Birds","Sturnus vulgaris","Basal",112137,0,112137,26,5.5,0,0,0,1525,0,1525,4317,0,636,0,14.7,587
228,"Birds","Sylvia atricapilla","Basal",74273,0,74273,19.7,3.7,47,0,47,1118,0,1118,3777,3,606,0.1,16,589
229,"Birds","Sylvia borin","Basal",55143,0,55143,15.3,2.9,0,0,0,910,0,910,3600,0,507,0,14.1,590
230,"Birds","Sylvia cantillans","Basal",7461,0,7461,11.9,2.1,86,0,86,284,0,284,625,7,170,1.1,27.2,591
231,"Birds","Sylvia communis","Basal",59356,0,59356,15.2,2.7,699,0,699,851,0,851,3907,52,545,1.3,13.9,592
232,"Birds","Sylvia conspicillata","Basal",4653,0,4653,14,2.3,44,0,44,170,0,170,332,3,102,0.9,30.7,593
233,"Birds","Sylvia curruca","Basal",44315,0,44315,13.3,3.2,1323,0,1323,167,0,167,3337,111,115,3.3,3.4,595
234,"Birds","Sylvia hortensis","Basal",5353,0,5353,14.7,1.8,17,0,17,310,0,310,364,1,161,0.3,44.2,596
235,"Birds","Sylvia melanocephala","Basal",9531,0,9531,13.7,3.3,208,0,208,275,0,275,698,16,170,2.3,24.4,597
236,"Birds","Sylvia mystacea","Basal",731,0,731,12.8,1.7,0,0,0,0,0,0,57,0,0,0,0,598
237,"Birds","Sylvia nisoria","Basal",27786,0,27786,12.6,2.1,15,0,15,102,0,102,2210,1,58,0,2.6,599
238,"Birds","Sylvia sarda","Basal",284,0,284,8.9,2,0,0,0,1,0,1,32,0,1,0,3.1,601
239,"Birds","Sylvia undata","Basal",7308,0,7308,13.3,2.6,75,0,75,335,0,335,551,6,193,1.1,35,603
240,"Birds","Tadorna ferruginea","Basal",7561,0,7561,11.6,1.7,0,0,0,4,0,4,652,0,4,0,0.6,605
241,"Birds","Tadorna tadorna","Basal",15142,0,15142,9.2,3.4,5,0,5,133,0,133,1652,1,95,0.1,5.8,606
242,"Birds","Tarsiger cyanurus","Basal",3951,0,3951,12,1.3,0,0,0,0,0,0,330,0,0,0,0,607
243,"Birds","Tetrao urogallus","Basal",16802,0,16802,7.4,1.5,32,0,32,2,0,2,2268,6,2,0.3,0.1,608
244,"Birds","Tetraogallus caspius","Basal",11,0,11,11,NA,0,0,0,0,0,0,1,0,0,0,0,609
245,"Birds","Tetraogallus caucasicus","Basal",280,0,280,9.3,0.8,0,0,0,0,0,0,30,0,0,0,0,610
246,"Birds","Tetrax tetrax","Basal",7558,0,7558,7.5,1.8,766,0,766,26,0,26,1002,153,26,15.3,2.6,611
247,"Birds","Tichodroma muraria","Basal",4266,0,4266,6.5,1.2,203,0,203,0,0,0,654,36,0,5.5,0,612
248,"Birds","Tringa erythropus","Basal",6877,0,6877,10.2,2.4,219,0,219,0,0,0,671,26,0,3.9,0,613
249,"Birds","Tringa glareola","Basal",23978,0,23978,10.9,1.5,11,0,11,1,0,1,2209,1,1,0,0,614
250,"Birds","Tringa nebularia","Basal",18684,0,18684,10.4,2.1,7,0,7,12,0,12,1801,1,4,0.1,0.2,615
251,"Birds","Tringa ochropus","Basal",28640,0,28640,10.1,2,359,0,359,2,0,2,2830,43,2,1.5,0.1,616
252,"Birds","Tringa stagnatilis","Basal",9816,0,9816,10.4,1.4,41,0,41,0,0,0,943,4,0,0.4,0,617
253,"Birds","Tringa totanus","Basal",36256,0,36256,9.7,2.4,0,0,0,104,0,104,3754,0,37,0,1,618
254,"Birds","Troglodytes troglodytes","Basal",43196,0,43196,11.3,2.4,2009,0,2009,261,0,261,3814,177,256,4.6,6.7,619
255,"Birds","Turdus iliacus","Basal",74759,0,74759,18.8,4.5,0,0,0,1453,0,1453,3987,0,870,0,21.8,620
256,"Birds","Turdus philomelos","Basal",82242,0,82242,19,4.2,13,0,13,1445,0,1445,4326,1,874,0,20.2,622
257,"Birds","Turdus pilaris","Basal",81720,0,81720,18.6,4,0,0,0,1257,0,1257,4389,0,853,0,19.4,623
258,"Birds","Turdus torquatus","Basal",17604,0,17604,17.5,4.3,147,0,147,292,0,292,1007,9,251,0.9,24.9,624
259,"Birds","Turdus viscivorus","Basal",75374,0,75374,19.7,3.6,0,0,0,1438,0,1438,3819,0,858,0,22.5,625
260,"Birds","Upupa epops","Basal",18293,0,18293,6.7,1.6,29,0,29,369,0,369,2729,4,293,0.1,10.7,627
261,"Birds","Vanellus gregarius","Basal",158,0,158,5.6,0.5,0,0,0,0,0,0,28,0,0,0,0,628
262,"Birds","Vanellus vanellus","Basal",44762,0,44762,10.7,1.9,105,0,105,92,0,92,4198,10,41,0.2,1,631
263,"Birds","Xenus cinereus","Basal",14586,0,14586,11.1,1.3,11,0,11,0,0,0,1311,1,0,0.1,0,632
264,"Birds","Accipiter brevipes","Intermediate",15122,13292,1830,22,2.9,0,0,0,38,37,1,688,0,30,0,4.4,213
265,"Birds","Accipiter gentilis","Intermediate",279934,276707,3227,72.5,9.4,1365,1355,10,4388,4388,0,3863,19,1660,0.5,43,214
266,"Birds","Accipiter nisus","Intermediate",297673,282228,15445,69.5,12.1,60,59,1,9730,9684,46,4281,1,1791,0,41.8,215
267,"Birds","Aegolius funereus","Intermediate",119640,110661,8979,52.5,8.8,0,0,0,3713,3706,7,2279,0,792,0,34.8,227
268,"Birds","Ardea cinerea","Intermediate",63098,52138,10960,18.5,6.1,0,0,0,7017,6985,32,3409,0,1935,0,56.8,264
269,"Birds","Ardea purpurea","Intermediate",27134,22390,4744,20,4.9,0,0,0,3476,3452,24,1359,0,830,0,61.1,265
270,"Birds","Ardeola ralloides","Intermediate",3877,804,3073,6.1,1.6,515,165,350,260,260,0,639,82,159,12.8,24.9,266
271,"Birds","Asio flammeus","Intermediate",219975,196840,23135,61.7,9.4,0,0,0,5193,5136,57,3568,0,1255,0,35.2,268
272,"Birds","Asio otus","Intermediate",340087,326951,13136,87.9,14.5,0,0,0,15428,15382,46,3869,0,1816,0,46.9,269
273,"Birds","Athene noctua","Intermediate",209212,193406,15806,73.8,12.5,710,667,43,13297,13271,26,2835,10,1726,0.4,60.9,270
274,"Birds","Botaurus stellaris","Intermediate",53228,39586,13642,20.8,3.9,1991,1590,401,766,766,0,2559,111,414,4.3,16.2,277
275,"Birds","Bubo bubo","Intermediate",356677,350566,6111,103.9,15.1,0,0,0,12505,12499,6,3432,0,1910,0,55.7,282
276,"Birds","Bubulcus ibis","Intermediate",10284,8814,1470,30.6,6.2,32,28,4,1016,986,30,336,1,169,0.3,50.3,284
277,"Birds","Burhinus oedicnemus","Intermediate",18565,12432,6133,14,3.4,757,541,216,372,354,18,1328,61,300,4.6,22.6,287
278,"Birds","Buteo buteo","Intermediate",201023,197833,3190,50.3,9,1253,1242,11,7892,7892,0,4000,26,1981,0.7,49.5,288
279,"Birds","Buteo lagopus","Intermediate",127552,124989,2563,50.9,8.2,1365,1352,13,2860,2860,0,2504,27,979,1.1,39.1,289
280,"Birds","Buteo rufinus","Intermediate",20943,20479,464,41.8,7.5,948,926,22,258,258,0,501,22,168,4.4,33.5,290
281,"Birds","Circaetus gallicus","Intermediate",37289,35599,1690,19.9,3.7,11893,11390,503,428,428,0,1876,621,284,33.1,15.1,325
282,"Birds","Circus aeruginosus","Intermediate",159931,146901,13030,49.2,6.6,1253,1183,70,2749,2747,2,3249,27,828,0.8,25.5,326
283,"Birds","Circus cyaneus","Intermediate",171831,157486,14345,45.3,9.1,1324,1252,72,3184,3184,0,3792,30,1100,0.8,29,327
284,"Birds","Circus macrourus","Intermediate",72410,68199,4211,65.5,5.8,135,127,8,694,694,0,1106,2,458,0.2,41.4,328
285,"Birds","Circus pygargus","Intermediate",92618,85214,7404,43.2,5.1,4666,4384,282,3712,3712,0,2146,108,1005,5,46.8,329
286,"Birds","Coracias garrulus","Intermediate",9227,2440,6787,4.6,1.3,78,21,57,1187,817,370,2007,14,787,0.7,39.2,339
287,"Birds","Corvus corax","Intermediate",286404,275337,11067,68,15.5,0,0,0,9222,9213,9,4211,0,1657,0,39.3,340
288,"Birds","Corvus corone","Intermediate",338927,299323,39604,75.6,16,6204,5542,662,10249,10165,84,4481,80,1851,1.8,41.3,341
289,"Birds","Corvus frugilegus","Intermediate",80853,65522,15331,24.8,6.3,65,54,11,7622,7554,68,3254,3,1582,0.1,48.6,342
290,"Birds","Corvus monedula","Intermediate",261085,229141,31944,74.1,12.9,1002,885,117,12160,11987,173,3525,14,1883,0.4,53.4,343
291,"Birds","Dendrocopos major","Intermediate",26146,4139,22007,6.5,1.7,72,17,55,1425,1130,295,4009,10,792,0.2,19.8,357
292,"Birds","Dendrocopos syriacus","Intermediate",4673,818,3855,5.6,0.8,12,2,10,109,109,0,832,2,109,0.2,13.1,358
293,"Birds","Egretta garzetta","Intermediate",16504,9795,6709,14.9,5.1,9,6,3,437,376,61,1107,1,293,0.1,26.5,361
294,"Birds","Elanus caeruleus","Intermediate",3998,3830,168,43,5.8,590,566,24,65,65,0,93,13,31,14,33.3,362
295,"Birds","Falco biarmicus","Intermediate",13924,13626,298,72.1,11.9,147,143,4,235,235,0,193,2,66,1,34.2,381
296,"Birds","Falco cherrug","Intermediate",57385,56447,938,54.6,6.1,0,0,0,826,826,0,1051,0,537,0,51.1,382
297,"Birds","Falco columbarius","Intermediate",336196,321677,14519,85.4,18.7,2854,2767,87,4670,4669,1,3938,33,890,0.8,22.6,383
298,"Birds","Falco eleonorae","Intermediate",3368,3301,67,40.6,12.7,0,0,0,4,4,0,83,0,3,0,3.6,384
299,"Birds","Falco naumanni","Intermediate",8801,6306,2495,8.7,2.4,157,129,28,125,125,0,1013,15,89,1.5,8.8,385
300,"Birds","Falco peregrinus","Intermediate",349941,344123,5818,93.5,19,1318,1301,17,10618,10612,6,3743,13,1730,0.3,46.2,386
301,"Birds","Falco rusticolus","Intermediate",48418,47690,728,49.7,5.3,0,0,0,202,202,0,975,0,110,0,11.3,387
302,"Birds","Falco subbuteo","Intermediate",156253,145377,10876,42.8,6.2,8858,8363,495,6026,6026,0,3652,198,1518,5.4,41.6,388
303,"Birds","Falco tinnunculus","Intermediate",268449,248785,19664,62.9,11.8,0,0,0,11391,11354,37,4268,0,2050,0,48,389
304,"Birds","Falco vespertinus","Intermediate",93798,88626,5172,49,4.1,50,47,3,969,969,0,1914,1,492,0.1,25.7,390
305,"Birds","Fulica atra","Intermediate",35879,3752,32127,10.2,2.6,0,0,0,380,0,380,3525,0,180,0,5.1,398
306,"Birds","Fulica cristata","Intermediate",153,16,137,9.6,0.7,58,6,52,0,0,0,16,6,0,37.5,0,399
307,"Birds","Garrulus glandarius","Intermediate",213597,175169,38428,52.1,8.8,43,37,6,6988,6701,287,4098,1,1881,0,45.9,406
308,"Birds","Gelochelidon nilotica","Intermediate",3637,1168,2469,7.5,1.9,387,156,231,56,56,0,488,53,45,10.9,9.2,407
309,"Birds","Glaucidium passerinum","Intermediate",118316,107198,11118,63.1,7.2,14220,13007,1213,854,854,0,1876,217,412,11.6,22,410
310,"Birds","Grus grus","Intermediate",44005,38705,5300,17.8,4.8,22,19,3,1659,1659,0,2477,1,702,0,28.3,411
311,"Birds","Ixobrychus minutus","Intermediate",48475,33741,14734,18.4,4.1,10342,7398,2944,1835,1835,0,2635,557,806,21.1,30.6,428
312,"Birds","Lanius collurio","Intermediate",65320,53002,12318,19.4,4.3,312,249,63,5819,5817,2,3361,15,1616,0.4,48.1,432
313,"Birds","Lanius excubitor","Intermediate",227553,220899,6654,62.1,11.4,50,48,2,8027,7930,97,3664,1,1557,0,42.5,433
314,"Birds","Lanius meridionalis","Intermediate",21374,20439,935,64.6,8.1,0,0,0,1347,1346,1,331,0,214,0,64.7,434
315,"Birds","Lanius minor","Intermediate",16778,11398,5380,9.8,2,1084,728,356,21,21,0,1718,105,19,6.1,1.1,435
316,"Birds","Lanius nubicus","Intermediate",279,83,196,4.2,1.8,42,12,30,0,0,0,66,8,0,12.1,0,436
317,"Birds","Lanius senator","Intermediate",52500,49358,3142,59.9,10.8,8529,8048,481,1574,1574,0,877,138,387,15.7,44.1,437
318,"Birds","Mergus merganser","Intermediate",15421,1878,13543,7.2,1.6,79,16,63,173,155,18,2154,16,155,0.7,7.2,466
319,"Birds","Mergus serrator","Intermediate",12733,1116,11617,8.5,2.5,0,0,0,56,50,6,1493,0,51,0,3.4,467
320,"Birds","Milvus migrans","Intermediate",146890,144166,2724,48.9,6.8,6862,6778,84,2243,2243,0,3004,138,947,4.6,31.5,470
321,"Birds","Milvus milvus","Intermediate",64606,63750,856,53.4,8,815,809,6,5022,5022,0,1210,16,930,1.3,76.9,471
322,"Birds","Nucifraga caryocatactes","Intermediate",79205,67836,11369,49.8,4.8,197,169,28,2371,2351,20,1590,4,716,0.3,45,482
323,"Birds","Numenius arquata","Intermediate",52773,30897,21876,16,4.6,10,7,3,788,734,54,3308,1,485,0,14.7,483
324,"Birds","Nycticorax nycticorax","Intermediate",30459,24509,5950,24.2,4.6,0,0,0,4186,4071,115,1259,0,829,0,65.8,485
325,"Birds","Otis tarda","Intermediate",13537,12028,1509,19.5,4.6,189,177,12,426,426,0,695,11,213,1.6,30.6,493
326,"Birds","Otus scops","Intermediate",108005,95009,12996,48.1,7,13216,11751,1465,84,84,0,2247,271,63,12.1,2.8,494
327,"Birds","Pandion haliaetus","Intermediate",6198,4232,1966,2.9,0.6,6,4,2,29,29,0,2174,2,25,0.1,1.1,497
328,"Birds","Parus major","Intermediate",76187,8535,67652,17.6,3.3,0,0,0,1656,960,696,4332,0,710,0,16.4,499
329,"Birds","Perisoreus infaustus","Intermediate",35786,28975,6811,31.8,6.8,0,0,0,146,146,0,1127,0,82,0,7.3,509
330,"Birds","Pernis apivorus","Intermediate",8898,6099,2799,2.7,0.6,147,115,32,914,914,0,3297,55,833,1.7,25.3,510
331,"Birds","Pica pica","Intermediate",242161,207801,34360,56.2,11.2,162,140,22,10510,10404,106,4308,3,1915,0.1,44.5,529
332,"Birds","Porphyrio porphyrio","Intermediate",962,92,870,7.6,2.6,0,0,0,1,0,1,126,0,1,0,0.8,545
333,"Birds","Pyrrhocorax graculus","Intermediate",8469,6661,1808,22.3,5,149,124,25,1380,1380,0,379,6,271,1.6,71.5,551
334,"Birds","Pyrrhocorax pyrrhocorax","Intermediate",8285,6181,2104,16.8,6.9,15,10,5,1246,1245,1,492,1,281,0.2,57.1,552
335,"Birds","Stercorarius longicaudus","Intermediate",14802,13020,1782,35.5,11.9,0,0,0,7,7,0,417,0,5,0,1.2,575
336,"Birds","Stercorarius parasiticus","Intermediate",20296,18292,2004,35.5,14.2,32,30,2,97,97,0,571,1,52,0.2,9.1,576
337,"Birds","Stercorarius pomarinus","Intermediate",8073,7168,905,29,13,51,49,2,78,78,0,278,2,44,0.7,15.8,577
338,"Birds","Strix aluco","Intermediate",525436,510414,15022,151.2,19.6,284,280,4,23134,23085,49,3475,2,1813,0.1,52.2,583
339,"Birds","Strix nebulosa","Intermediate",78341,73762,4579,65.8,6.3,0,0,0,647,645,2,1191,0,298,0,25,584
340,"Birds","Strix uralensis","Intermediate",88856,83496,5360,62.3,9,0,0,0,1104,1103,1,1427,0,412,0,28.9,585
341,"Birds","Surnia ulula","Intermediate",77294,72045,5249,57.5,8.8,0,0,0,262,260,2,1345,0,121,0,9,588
342,"Birds","Turdus merula","Intermediate",77568,817,76751,20.6,4.5,0,0,0,1455,0,1455,3774,0,870,0,23.1,621
343,"Birds","Tyto alba","Intermediate",99084,94362,4722,53.4,12.4,0,0,0,16665,16645,20,1855,0,1536,0,82.8,626
344,"Birds","Aquila adalberti","Top",3990,3990,0,51.8,3.3,0,0,0,63,63,0,77,0,18,0,23.4,258
345,"Birds","Aquila chrysaetos","Top",148225,148225,0,45.9,6.8,213,213,0,3684,3684,0,3227,4,1641,0.1,50.9,259
346,"Birds","Aquila heliaca","Top",48428,48428,0,41.3,3.9,40,40,0,675,675,0,1172,1,523,0.1,44.6,261
347,"Birds","Aquila nipalensis","Top",5534,5534,0,19.1,3.1,0,0,0,134,134,0,290,0,109,0,37.6,262
348,"Birds","Haliaeetus albicilla","Top",94296,94296,0,36.9,4.8,67,67,0,498,498,0,2552,2,271,0.1,10.6,414
349,"Birds","Hieraaetus pennatus","Top",42062,42062,0,39.4,4.1,7071,7071,0,0,0,0,1068,171,0,16,0,415
350,"Mammals","Alces alces","Basal",3224,0,3224,1.7,0.4,8,0,8,0,0,0,1846,5,0,0.3,0,1
351,"Mammals","Allactaga elater","Basal",1659,0,1659,19.3,1.2,0,0,0,0,0,0,86,0,0,0,0,2
352,"Mammals","Allactaga major","Basal",14762,0,14762,18.9,1.4,0,0,0,0,0,0,783,0,0,0,0,3
353,"Mammals","Allocricetulus eversmanni","Basal",4541,0,4541,31.3,1.5,0,0,0,0,0,0,145,0,0,0,0,4
354,"Mammals","Apodemus agrarius","Basal",85227,0,85227,39,3.3,0,0,0,485,0,485,2187,0,305,0,13.9,5
355,"Mammals","Apodemus alpicola","Basal",2140,0,2140,29.7,2.5,0,0,0,51,0,51,72,0,30,0,41.7,6
356,"Mammals","Apodemus epimelas","Basal",3940,0,3940,29.6,6.6,21,0,21,50,0,50,133,1,50,0.8,37.6,7
357,"Mammals","Apodemus flavicollis","Basal",96906,0,96906,37.5,5.2,0,0,0,1446,0,1446,2587,0,731,0,28.3,8
358,"Mammals","Apodemus mystacinus","Basal",672,0,672,20.4,8,0,0,0,0,0,0,33,0,0,0,0,9
359,"Mammals","Apodemus sylvaticus","Basal",80394,0,80394,35.6,7.2,0,0,0,1784,0,1784,2261,0,854,0,37.8,10
360,"Mammals","Apodemus uralensis","Basal",51928,0,51928,33.6,2.2,0,0,0,170,0,170,1547,0,130,0,8.4,11
361,"Mammals","Apodemus witherbyi","Basal",5341,0,5341,30.7,3.5,0,0,0,2,0,2,174,0,2,0,1.1,12
362,"Mammals","Arvicola amphibius","Basal",149978,0,149978,40.7,7.7,0,0,0,1548,0,1548,3689,0,523,0,14.2,13
363,"Mammals","Arvicola sapidus","Basal",18783,0,18783,39.6,4.3,0,0,0,644,0,644,474,0,221,0,46.6,14
364,"Mammals","Arvicola scherman","Basal",18155,0,18155,41.4,4.2,0,0,0,575,0,575,439,0,216,0,49.2,15
365,"Mammals","Barbastella barbastellus","Basal",10443,0,10443,5.9,1.2,471,0,471,40,0,40,1765,83,40,4.7,2.3,17
366,"Mammals","Bison bonasus","Basal",12,0,12,1.5,0.5,0,0,0,0,0,0,8,0,0,0,0,18
367,"Mammals","Capra ibex","Basal",76,0,76,1.6,0.5,26,0,26,0,0,0,48,18,0,37.5,0,21
368,"Mammals","Capra pyrenaica","Basal",36,0,36,1.4,0.5,2,0,2,0,0,0,26,1,0,3.8,0,22
369,"Mammals","Capreolus capreolus","Basal",4119,0,4119,2.1,1,53,0,53,1,0,1,1973,39,1,2,0.1,23
370,"Mammals","Capreolus pygargus","Basal",918,0,918,2.3,0.9,0,0,0,0,0,0,393,0,0,0,0,24
371,"Mammals","Castor fiber","Basal",4698,0,4698,2.8,0.8,34,0,34,1,0,1,1703,20,1,1.2,0.1,25
372,"Mammals","Cervus elaphus","Basal",1209,0,1209,1.4,0.5,74,0,74,0,0,0,867,63,0,7.3,0,26
373,"Mammals","Chionomys nivalis","Basal",13702,0,13702,34.3,3.9,12425,0,12425,0,0,0,399,361,0,90.5,0,27
374,"Mammals","Cricetulus migratorius","Basal",29955,0,29955,38,2.6,297,0,297,0,0,0,789,8,0,1,0,28
375,"Mammals","Cricetus cricetus","Basal",40676,0,40676,37.7,3.3,0,0,0,196,0,196,1078,0,72,0,6.7,29
376,"Mammals","Crocidura leucodon","Basal",41210,0,41210,30.9,3.2,1207,0,1207,637,0,637,1333,42,350,3.2,26.3,30
377,"Mammals","Crocidura pachyura","Basal",382,0,382,16.6,5.8,0,0,0,4,0,4,23,0,4,0,17.4,31
378,"Mammals","Crocidura russula","Basal",20900,0,20900,30.6,4,370,0,370,752,0,752,682,13,340,1.9,49.9,32
379,"Mammals","Crocidura sicula","Basal",461,0,461,18.4,4.1,0,0,0,10,0,10,25,0,7,0,28,33
380,"Mammals","Crocidura suaveolens","Basal",60770,0,60770,30.9,3.5,10510,0,10510,121,0,121,1964,346,112,17.6,5.7,34
381,"Mammals","Crocidura zimmermanni","Basal",148,0,148,12.3,1.8,0,0,0,0,0,0,12,0,0,0,0,35
382,"Mammals","Dama dama","Basal",1622,0,1622,1.7,0.8,143,0,143,0,0,0,934,119,0,12.7,0,36
383,"Mammals","Desmana moschata","Basal",8130,0,8130,15,1,0,0,0,10,0,10,543,0,3,0,0.6,37
384,"Mammals","Dicrostonyx torquatus","Basal",2756,0,2756,13.3,6.2,0,0,0,0,0,0,207,0,0,0,0,38
385,"Mammals","Dinaromys bogdanovi","Basal",1460,0,1460,26.1,2.6,53,0,53,3,0,3,56,2,3,3.6,5.4,39
386,"Mammals","Diplomesodon pulchellum","Basal",125,0,125,20.8,0.4,0,0,0,0,0,0,6,0,0,0,0,40
387,"Mammals","Dipus sagitta","Basal",970,0,970,19,1.2,0,0,0,0,0,0,51,0,0,0,0,41
388,"Mammals","Dryomys nitedula","Basal",13428,0,13428,12.9,1.9,3553,0,3553,0,0,0,1039,280,0,26.9,0,42
389,"Mammals","Ellobius talpinus","Basal",13927,0,13927,33.4,1.9,3760,0,3760,0,0,0,417,113,0,27.1,0,44
390,"Mammals","Eptesicus bottae","Basal",10,0,10,1,0,0,0,0,0,0,0,10,0,0,0,0,45
391,"Mammals","Eptesicus nilssonii","Basal",6793,0,6793,2.8,0.7,600,0,600,0,0,0,2446,162,0,6.6,0,46
392,"Mammals","Eptesicus serotinus","Basal",15924,0,15924,6.4,0.9,4206,0,4206,0,0,0,2501,627,0,25.1,0,47
393,"Mammals","Galemys pyrenaicus","Basal",1129,0,1129,10.2,1.5,938,0,938,0,0,0,111,91,0,82,0,54
394,"Mammals","Glis glis","Basal",23192,0,23192,13.9,2.2,559,0,559,31,0,31,1668,46,31,2.8,1.9,56
395,"Mammals","Hystrix cristata","Basal",169,0,169,1.6,0.5,0,0,0,0,0,0,109,0,0,0,0,61
396,"Mammals","Lagurus lagurus","Basal",18817,0,18817,33.8,1.6,0,0,0,2,0,2,557,0,2,0,0.4,62
397,"Mammals","Lemmus lemmus","Basal",9100,0,9100,22.9,3.4,0,0,0,1,0,1,397,0,1,0,0.3,63
398,"Mammals","Lemmus sibiricus","Basal",3261,0,3261,14.7,7.4,0,0,0,0,0,0,222,0,0,0,0,64
399,"Mammals","Lepus capensis","Basal",74,0,74,3.4,0.8,0,0,0,0,0,0,22,0,0,0,0,65
400,"Mammals","Lepus castroviejoi","Basal",99,0,99,9,0,0,0,0,10,0,10,11,0,10,0,90.9,66
401,"Mammals","Lepus corsicanus","Basal",319,0,319,5.5,2,0,0,0,24,0,24,58,0,24,0,41.4,67
402,"Mammals","Lepus europaeus","Basal",26773,0,26773,8.6,2.7,13,0,13,556,0,556,3116,3,497,0.1,15.9,68
403,"Mammals","Lepus granatensis","Basal",1706,0,1706,7.3,1,7,0,7,152,0,152,233,1,145,0.4,62.2,69
404,"Mammals","Lepus timidus","Basal",21434,0,21434,9.2,2.1,0,0,0,156,0,156,2323,0,143,0,6.2,70
405,"Mammals","Marmota bobak","Basal",1123,0,1123,8.3,0.6,0,0,0,0,0,0,135,0,0,0,0,74
406,"Mammals","Marmota marmota","Basal",755,0,755,5.2,1.3,46,0,46,1,0,1,144,10,1,6.9,0.7,75
407,"Mammals","Meriones meridianus","Basal",1846,0,1846,23.1,1.1,0,0,0,0,0,0,80,0,0,0,0,80
408,"Mammals","Meriones tamariscinus","Basal",1859,0,1859,23.8,1.2,0,0,0,0,0,0,78,0,0,0,0,81
409,"Mammals","Meriones tristrami","Basal",93,0,93,15.5,4.4,0,0,0,0,0,0,6,0,0,0,0,82
410,"Mammals","Mesocricetus newtoni","Basal",1091,0,1091,33.1,2.6,0,0,0,0,0,0,33,0,0,0,0,83
411,"Mammals","Mesocricetus raddei","Basal",3240,0,3240,35.6,1.8,0,0,0,0,0,0,91,0,0,0,0,84
412,"Mammals","Micromys minutus","Basal",100365,0,100365,32.3,4,0,0,0,1066,0,1066,3112,0,489,0,15.7,85
413,"Mammals","Microtus agrestis","Basal",125730,0,125730,40.3,8.6,0,0,0,2160,0,2160,3121,0,750,0,24,86
414,"Mammals","Microtus arvalis","Basal",106334,0,106334,45.5,4.7,0,0,0,2118,0,2118,2336,0,741,0,31.7,87
415,"Mammals","Microtus bavaricus","Basal",44,0,44,22,0,0,0,0,0,0,0,2,0,0,0,0,88
416,"Mammals","Microtus brachycercus","Basal",1275,0,1275,26,4.4,56,0,56,66,0,66,49,2,30,4.1,61.2,89
417,"Mammals","Microtus cabrerae","Basal",3124,0,3124,34.7,3.3,103,0,103,81,0,81,90,3,60,3.3,66.7,90
418,"Mammals","Microtus duodecimcostatus","Basal",12111,0,12111,41.3,4.1,4142,0,4142,105,0,105,293,97,99,33.1,33.8,91
419,"Mammals","Microtus felteni","Basal",1243,0,1243,36.6,3.3,0,0,0,18,0,18,34,0,12,0,35.3,92
420,"Mammals","Microtus gerbei","Basal",4047,0,4047,35.5,3.5,852,0,852,142,0,142,114,25,68,21.9,59.6,93
421,"Mammals","Microtus gregalis","Basal",3209,0,3209,22.1,10.7,0,0,0,0,0,0,145,0,0,0,0,94
422,"Mammals","Microtus guentheri","Basal",2399,0,2399,34.3,6.5,0,0,0,62,0,62,70,0,29,0,41.4,95
423,"Mammals","Microtus levis","Basal",54346,0,54346,40.6,3.9,0,0,0,227,0,227,1339,0,144,0,10.8,96
424,"Mammals","Microtus lusitanicus","Basal",4869,0,4869,34,4.2,0,0,0,212,0,212,143,0,107,0,74.8,98
425,"Mammals","Microtus middendorffii","Basal",586,0,586,14.3,1.4,0,0,0,0,0,0,41,0,0,0,0,99
426,"Mammals","Microtus multiplex","Basal",2866,0,2866,35.4,4.6,868,0,868,88,0,88,81,23,44,28.4,54.3,100
427,"Mammals","Microtus oeconomus","Basal",79365,0,79365,38.9,9.3,0,0,0,342,0,342,2041,0,185,0,9.1,101
428,"Mammals","Microtus savii","Basal",4722,0,4722,32.1,5.2,78,0,78,313,0,313,147,2,101,1.4,68.7,102
429,"Mammals","Microtus socialis","Basal",6539,0,6539,40.9,2.2,0,0,0,2,0,2,160,0,2,0,1.3,103
430,"Mammals","Microtus subterraneus","Basal",59010,0,59010,43.9,4.7,6596,0,6596,580,0,580,1345,166,362,12.3,26.9,104
431,"Mammals","Microtus tatricus","Basal",978,0,978,40.8,2.5,0,0,0,4,0,4,24,0,2,0,8.3,105
432,"Mammals","Microtus thomasi","Basal",2751,0,2751,33.1,6.6,0,0,0,82,0,82,83,0,39,0,47,106
433,"Mammals","Miniopterus schreibersii","Basal",3061,0,3061,2.9,0.9,1571,0,1571,0,0,0,1069,507,0,47.4,0,107
434,"Mammals","Mus macedonicus","Basal",4555,0,4555,35.9,5.5,0,0,0,36,0,36,127,0,19,0,15,108
435,"Mammals","Mus musculus","Basal",2185,0,2185,22.5,7.2,0,0,0,0,0,0,97,0,0,0,0,109
436,"Mammals","Mus spicilegus","Basal",16345,0,16345,37.8,2.4,0,0,0,16,0,16,432,0,10,0,2.3,110
437,"Mammals","Mus spretus","Basal",9764,0,9764,35.2,6.1,0,0,0,169,0,169,277,0,53,0,19.1,111
438,"Mammals","Muscardinus avellanarius","Basal",30094,0,30094,17.8,2.7,5817,0,5817,108,0,108,1694,360,108,21.3,6.4,112
439,"Mammals","Myodes glareolus","Basal",121732,0,121732,37.3,6.1,0,0,0,1638,0,1638,3266,0,607,0,18.6,119
440,"Mammals","Myodes rufocanus","Basal",29960,0,29960,31,6.4,0,0,0,1,0,1,966,0,1,0,0.1,120
441,"Mammals","Myodes rutilus","Basal",29024,0,29024,28.6,7.1,0,0,0,0,0,0,1016,0,0,0,0,121
442,"Mammals","Myomimus roachi","Basal",193,0,193,14.8,1.9,0,0,0,0,0,0,13,0,0,0,0,122
443,"Mammals","Myopus schisticolor","Basal",24079,0,24079,29.2,4,0,0,0,13,0,13,825,0,12,0,1.5,123
444,"Mammals","Myotis alcathoe","Basal",639,0,639,2.1,0.5,0,0,0,32,0,32,298,0,32,0,10.7,124
445,"Mammals","Myotis aurascens","Basal",184,0,184,1,0,57,0,57,0,0,0,184,57,0,31,0,125
446,"Mammals","Myotis bechsteinii","Basal",4681,0,4681,3.6,0.8,1382,0,1382,0,0,0,1298,375,0,28.9,0,126
447,"Mammals","Myotis blythii","Basal",4437,0,4437,3.8,0.8,665,0,665,0,0,0,1166,158,0,13.6,0,127
448,"Mammals","Myotis brandtii","Basal",9822,0,9822,3.9,0.7,24,0,24,32,0,32,2487,6,18,0.2,0.7,128
449,"Mammals","Myotis capaccinii","Basal",1065,0,1065,2,0.7,199,0,199,0,0,0,535,80,0,15,0,129
450,"Mammals","Myotis dasycneme","Basal",3614,0,3614,2.2,0.7,317,0,317,0,0,0,1662,110,0,6.6,0,130
451,"Mammals","Myotis daubentonii","Basal",16904,0,16904,5.2,1.1,475,0,475,244,0,244,3231,82,244,2.5,7.6,131
452,"Mammals","Myotis emarginatus","Basal",1562,0,1562,1.3,0.5,675,0,675,0,0,0,1185,514,0,43.4,0,132
453,"Mammals","Myotis myotis","Basal",11512,0,11512,7.6,1.1,1410,0,1410,14,0,14,1518,184,14,12.1,0.9,134
454,"Mammals","Myotis mystacinus","Basal",8210,0,8210,3.8,0.9,3629,0,3629,0,0,0,2162,919,0,42.5,0,135
455,"Mammals","Myotis nattereri","Basal",9113,0,9113,3.6,0.8,2165,0,2165,0,0,0,2535,539,0,21.3,0,136
456,"Mammals","Myotis punicus","Basal",53,0,53,1.8,0.5,0,0,0,0,0,0,29,0,0,0,0,137
457,"Mammals","Neomys anomalus","Basal",27410,0,27410,18.8,2.3,6249,0,6249,139,0,139,1459,334,134,22.9,9.2,139
458,"Mammals","Neomys fodiens","Basal",70797,0,70797,21.1,3.5,7413,0,7413,406,0,406,3357,357,306,10.6,9.1,140
459,"Mammals","Nyctalus leisleri","Basal",11658,0,11658,5.3,0.8,3294,0,3294,0,0,0,2203,608,0,27.6,0,142
460,"Mammals","Nyctalus noctula","Basal",39558,0,39558,15.2,1.8,12315,0,12315,0,0,0,2600,803,0,30.9,0,143
461,"Mammals","Oryctolagus cuniculus","Basal",15003,0,15003,10.7,2.9,0,0,0,696,0,696,1397,0,425,0,30.4,144
462,"Mammals","Pipistrellus kuhlii","Basal",6393,0,6393,3.7,0.8,2997,0,2997,0,0,0,1745,716,0,41,0,145
463,"Mammals","Pipistrellus nathusii","Basal",11327,0,11327,4.2,0.9,682,0,682,23,0,23,2707,144,23,5.3,0.8,146
464,"Mammals","Pipistrellus pipistrellus","Basal",23385,0,23385,8.6,1.5,5172,0,5172,0,0,0,2713,578,0,21.3,0,147
465,"Mammals","Pipistrellus pygmaeus","Basal",4835,0,4835,4.3,1.1,1255,0,1255,0,0,0,1118,277,0,24.8,0,148
466,"Mammals","Plecotus auritus","Basal",17000,0,17000,5.8,0.9,121,0,121,48,0,48,2948,22,48,0.7,1.6,149
467,"Mammals","Plecotus austriacus","Basal",7078,0,7078,5,1,2384,0,2384,0,0,0,1415,460,0,32.5,0,150
468,"Mammals","Plecotus kolombatovici","Basal",85,0,85,1.1,0.3,3,0,3,0,0,0,77,3,0,3.9,0,151
469,"Mammals","Plecotus macrobullaris","Basal",302,0,302,1.4,0.6,0,0,0,1,0,1,212,0,1,0,0.5,152
470,"Mammals","Plecotus sardus","Basal",20,0,20,1,0,0,0,0,0,0,0,20,0,0,0,0,153
471,"Mammals","Pteromys volans","Basal",4828,0,4828,4.9,0.5,19,0,19,0,0,0,995,4,0,0.4,0,154
472,"Mammals","Pygeretmus pumilio","Basal",3274,0,3274,17.9,1.1,563,0,563,0,0,0,183,32,0,17.5,0,155
473,"Mammals","Rangifer tarandus","Basal",1440,0,1440,3.3,1.2,1,0,1,0,0,0,441,1,0,0.2,0,156
474,"Mammals","Rhinolophus blasii","Basal",587,0,587,2.6,0.5,508,0,508,0,0,0,225,193,0,85.8,0,159
475,"Mammals","Rhinolophus euryale","Basal",2437,0,2437,2.7,0.5,2180,0,2180,0,0,0,914,807,0,88.3,0,160
476,"Mammals","Rhinolophus ferrumequinum","Basal",7870,0,7870,6.1,1,1257,0,1257,0,0,0,1299,197,0,15.2,0,161
477,"Mammals","Rhinolophus hipposideros","Basal",5403,0,5403,3.4,0.7,1380,0,1380,0,0,0,1572,390,0,24.8,0,162
478,"Mammals","Rhinolophus mehelyi","Basal",619,0,619,1.7,0.5,14,0,14,0,0,0,367,7,0,1.9,0,163
479,"Mammals","Rupicapra pyrenaica","Basal",44,0,44,1.6,0.5,22,0,22,0,0,0,27,13,0,48.1,0,165
480,"Mammals","Rupicapra rupicapra","Basal",479,0,479,2.2,0.8,92,0,92,0,0,0,217,60,0,27.6,0,166
481,"Mammals","Saiga tatarica","Basal",47,0,47,1,0,0,0,0,0,0,0,47,0,0,0,0,167
482,"Mammals","Sciurus anomalus","Basal",270,0,270,10.8,3.1,0,0,0,0,0,0,25,0,0,0,0,168
483,"Mammals","Sciurus vulgaris","Basal",48200,0,48200,13.4,2.7,23,0,23,240,0,240,3585,2,171,0.1,4.8,169
484,"Mammals","Sicista betulina","Basal",26906,0,26906,17,3.1,4401,0,4401,0,0,0,1580,248,0,15.7,0,170
485,"Mammals","Sicista severtzovi","Basal",3582,0,3582,19.2,1,37,0,37,0,0,0,187,2,0,1.1,0,171
486,"Mammals","Sicista strandi","Basal",6517,0,6517,19.9,1.3,170,0,170,0,0,0,327,9,0,2.8,0,172
487,"Mammals","Sicista subtilis","Basal",6369,0,6369,21.7,1,0,0,0,0,0,0,294,0,0,0,0,173
488,"Mammals","Sorex alpinus","Basal",10319,0,10319,35.3,2.7,9991,0,9991,0,0,0,292,282,0,96.6,0,174
489,"Mammals","Sorex antinorii","Basal",4781,0,4781,29.5,3.8,3885,0,3885,0,0,0,162,128,0,79,0,175
490,"Mammals","Sorex araneus","Basal",115420,0,115420,33.8,7,37736,0,37736,0,0,0,3414,1057,0,31,0,176
491,"Mammals","Sorex caecutiens","Basal",47721,0,47721,29.4,6.5,203,0,203,59,0,59,1622,6,52,0.4,3.2,177
492,"Mammals","Sorex coronatus","Basal",13759,0,13759,31.1,3.7,13196,0,13196,0,0,0,442,421,0,95.2,0,178
493,"Mammals","Sorex granarius","Basal",1908,0,1908,30.3,3.3,934,0,934,20,0,20,63,31,20,49.2,31.7,179
494,"Mammals","Sorex isodon","Basal",27828,0,27828,28.1,3.8,68,0,68,18,0,18,992,2,17,0.2,1.7,180
495,"Mammals","Sorex minutissimus","Basal",42670,0,42670,30,5.2,102,0,102,35,0,35,1422,3,32,0.2,2.3,181
496,"Mammals","Sorex minutus","Basal",131303,0,131303,33.3,6.8,59051,0,59051,0,0,0,3939,1689,0,42.9,0,182
497,"Mammals","Sorex samniticus","Basal",2686,0,2686,28.9,2.6,2152,0,2152,0,0,0,93,73,0,78.5,0,183
498,"Mammals","Sorex tundrensis","Basal",5516,0,5516,22.1,7.1,96,0,96,0,0,0,250,3,0,1.2,0,184
499,"Mammals","Spalax arenarius","Basal",14,0,14,2,0,12,0,12,0,0,0,7,6,0,85.7,0,185
500,"Mammals","Spalax giganteus","Basal",130,0,130,5.9,0.7,0,0,0,0,0,0,22,0,0,0,0,186
501,"Mammals","Spalax graecus","Basal",135,0,135,3.5,1,135,0,135,0,0,0,39,39,0,100,0,187
502,"Mammals","Spalax microphthalmus","Basal",1350,0,1350,3.8,0.9,1235,0,1235,0,0,0,352,328,0,93.2,0,188
503,"Mammals","Spalax zemni","Basal",255,0,255,2.8,0.4,255,0,255,0,0,0,92,92,0,100,0,189
504,"Mammals","Spermophilus citellus","Basal",4314,0,4314,17.3,2.6,63,0,63,15,0,15,250,5,10,2,4,190
505,"Mammals","Spermophilus fulvus","Basal",1430,0,1430,15.2,1.8,0,0,0,0,0,0,94,0,0,0,0,191
506,"Mammals","Spermophilus major","Basal",2591,0,2591,14.8,1.3,2503,0,2503,0,0,0,175,169,0,96.6,0,192
507,"Mammals","Spermophilus pygmaeus","Basal",5987,0,5987,16.2,1.9,0,0,0,2,0,2,369,0,2,0,0.5,193
508,"Mammals","Spermophilus suslicus","Basal",874,0,874,2.2,0.4,329,0,329,0,0,0,398,135,0,33.9,0,194
509,"Mammals","Stylodipus telum","Basal",2116,0,2116,17.6,1.9,0,0,0,0,0,0,120,0,0,0,0,195
510,"Mammals","Suncus etruscus","Basal",17950,0,17950,29,5.6,6307,0,6307,9,0,9,618,209,9,33.8,1.5,196
511,"Mammals","Tadarida teniotis","Basal",3569,0,3569,4.3,0.9,1457,0,1457,0,0,0,822,301,0,36.6,0,198
512,"Mammals","Talpa caeca","Basal",4465,0,4465,28.3,3.9,1812,0,1812,47,0,47,158,64,34,40.5,21.5,199
513,"Mammals","Talpa europaea","Basal",71656,0,71656,26.5,4.1,23923,0,23923,106,0,106,2705,890,106,32.9,3.9,200
514,"Mammals","Talpa levantis","Basal",1988,0,1988,25.8,2.3,0,0,0,0,0,0,77,0,0,0,0,201
515,"Mammals","Talpa occidentalis","Basal",5518,0,5518,24.1,2.9,2790,0,2790,41,0,41,229,110,41,48,17.9,202
516,"Mammals","Talpa romana","Basal",1491,0,1491,23.3,3.6,1127,0,1127,1,0,1,64,47,1,73.4,1.6,203
517,"Mammals","Talpa stankovici","Basal",1121,0,1121,28,2.8,513,0,513,3,0,3,40,18,3,45,7.5,204
518,"Mammals","Atelerix algirus","Intermediate",19,10,9,9.5,3.5,0,0,0,0,0,0,2,0,0,0,0,16
519,"Mammals","Canis aureus","Intermediate",43876,43370,506,126.4,14.8,0,0,0,871,871,0,347,0,212,0,61.1,19
520,"Mammals","Eliomys quercinus","Intermediate",20122,554,19568,15.6,2.5,8461,262,8199,4,4,0,1291,550,4,42.6,0.3,43
521,"Mammals","Erinaceus concolor","Intermediate",496,227,269,17.7,4.6,0,0,0,0,0,0,28,0,0,0,0,48
522,"Mammals","Erinaceus europaeus","Intermediate",37729,18510,19219,19,6.3,75,38,37,3874,3613,261,1989,4,1136,0.2,57.1,49
523,"Mammals","Erinaceus roumanicus","Intermediate",47885,25195,22690,24,3.7,91,52,39,1852,1839,13,1999,4,830,0.2,41.5,50
524,"Mammals","Felis chaus","Intermediate",6729,6560,169,100.4,16.1,0,0,0,8,8,0,67,0,6,0,9,52
525,"Mammals","Felis silvestris","Intermediate",93035,90520,2515,95.4,13.4,0,0,0,3908,3904,4,975,0,684,0,70.2,53
526,"Mammals","Genetta genetta","Intermediate",31845,31170,675,79.8,9.6,4074,4021,53,2393,2393,0,399,51,256,12.8,64.2,55
527,"Mammals","Hemiechinus auritus","Intermediate",4262,2001,2261,20.6,2.3,0,0,0,9,9,0,207,0,8,0,3.9,58
528,"Mammals","Herpestes ichneumon","Intermediate",8477,8384,93,75,7.3,288,287,1,107,107,0,113,4,33,3.5,29.2,59
529,"Mammals","Lutra lutra","Intermediate",32180,27533,4647,9,1.7,1011,975,36,90,90,0,3562,115,90,3.2,2.5,71
530,"Mammals","Martes foina","Intermediate",189968,180845,9123,80.8,9.7,1546,1503,43,9739,9735,4,2352,20,1492,0.9,63.4,76
531,"Mammals","Martes martes","Intermediate",244464,236952,7512,69.2,12.8,1777,1759,18,8947,8946,1,3533,26,1901,0.7,53.8,77
532,"Mammals","Martes zibellina","Intermediate",3721,3360,361,30.5,1.2,0,0,0,0,0,0,122,0,0,0,0,78
533,"Mammals","Meles meles","Intermediate",59210,52605,6605,16.9,4.7,528,516,12,6043,6042,1,3511,34,1769,1,50.4,79
534,"Mammals","Mustela erminea","Intermediate",126792,104188,22604,34.4,6.1,0,0,0,5726,5692,34,3690,0,1511,0,40.9,113
535,"Mammals","Mustela eversmanii","Intermediate",45160,40607,4553,35.6,2.8,0,0,0,894,891,3,1268,0,499,0,39.4,114
536,"Mammals","Mustela lutreola","Intermediate",5011,3525,1486,15.5,2.9,0,0,0,145,145,0,324,0,40,0,12.3,115
537,"Mammals","Mustela nivalis","Intermediate",213418,147566,65852,49.3,10.3,0,0,0,10507,9923,584,4330,0,2021,0,46.7,116
538,"Mammals","Mustela putorius","Intermediate",47530,37074,10456,17.6,3.7,14,13,1,4301,4265,36,2701,1,1543,0,57.1,117
539,"Mammals","Mustela sibirica","Intermediate",2468,2256,212,35.3,1.3,0,0,0,0,0,0,70,0,0,0,0,118
540,"Mammals","Nyctalus lasiopterus","Intermediate",16563,13405,3158,11.7,2.9,861,670,191,0,0,0,1414,74,0,5.2,0,141
541,"Mammals","Sus scrofa","Intermediate",45406,42854,2552,16.9,4.5,0,0,0,5760,5755,5,2681,0,1605,0,59.9,197
542,"Mammals","Vormela peregusna","Intermediate",16025,14844,1181,40.5,4.6,0,0,0,275,275,0,396,0,192,0,48.5,208
543,"Mammals","Vulpes corsac","Intermediate",30817,29945,872,110.5,12.7,0,0,0,195,195,0,279,0,146,0,52.3,209
544,"Mammals","Vulpes vulpes","Intermediate",550753,537544,13209,126,20.3,356,355,1,14991,14981,10,4371,3,2533,0.1,58,211
545,"Mammals","Canis lupus","Top",383909,383909,0,133.3,20.5,152,152,0,6163,6163,0,2881,1,1565,0,54.3,20
546,"Mammals","Gulo gulo","Top",44585,44585,0,49.2,3.8,47,47,0,182,182,0,906,1,94,0.1,10.4,57
547,"Mammals","Lynx lynx","Top",64003,64003,0,29.3,5.4,155,155,0,2634,2634,0,2187,4,905,0.2,41.4,72
548,"Mammals","Lynx pardinus","Top",208,208,0,18.9,0.3,0,0,0,3,3,0,11,0,3,0,27.3,73
549,"Mammals","Ursus arctos","Top",23969,23969,0,12.1,3.4,70,70,0,506,506,0,1987,5,396,0.3,19.9,205
550,"Mammals","Ursus maritimus","Top",2138,2138,0,8.1,4.6,0,0,0,0,0,0,264,0,0,0,0,206
551,"Mammals","Acomys minous","Basal",148,0,148,12.3,1.8,0,0,0,0,0,0,12,0,0,0,0,NA
